Time,Altitude (m),Speed (km/h),Latitude,Longitude,Battery (%),Warnings,,,,,,,,,,,,,,,,,,,,,,,,,,,,,,,,,,,
519.4,0,0,38.95689262,-95.27493268,61,Your aircraft has entered a Warning Zone (Class E Airspace). Please fly with caution.,,,,,,,,,,,,,,,,,,,,,,,,,,,,,,,,,,,
519.5,0,0,38.95689261,-95.27493269,61,,,,,,,,,,,,,,,,,,,,,,,,,,,,,,,,,,,,
519.6,0,0,38.95689259,-95.27493272,61,,,,,,,,,,,,,,,,,,,,,,,,,,,,,,,,,,,,
519.7,0,0,38.95689256,-95.27493275,61,,,,,,,,,,,,,,,,,,,,,,,,,,,,,,,,,,,,
519.8,0,0,38.95689257,-95.27493278,61,,,,,,,,,,,,,,,,,,,,,,,,,,,,,,,,,,,,
519.9,0,0,38.95689258,-95.27493279,61,,,,,,,,,,,,,,,,,,,,,,,,,,,,,,,,,,,,
520,0,0,38.95689258,-95.27493283,61,,,,,,,,,,,,,,,,,,,,,,,,,,,,,,,,,,,,
520.1,0,0,38.95689255,-95.27493286,61,,,,,,,,,,,,,,,,,,,,,,,,,,,,,,,,,,,,
520.2,0,0,38.95689254,-95.27493291,61,,,,,,,,,,,,,,,,,,,,,,,,,,,,,,,,,,,,
520.3,0,0,38.95689252,-95.27493296,61,,,,,,,,,,,,,,,,,,,,,,,,,,,,,,,,,,,,
520.4,0,0,38.95689256,-95.27493302,60,,,,,,,,,,,,,,,,,,,,,,,,,,,,,,,,,,,,
520.5,0,0,38.95689257,-95.27493308,60,,,,,,,,,,,,,,,,,,,,,,,,,,,,,,,,,,,,
520.6,0,0,38.95689261,-95.27493315,60,,,,,,,,,,,,,,,,,,,,,,,,,,,,,,,,,,,,
520.7,0,0,38.95689262,-95.2749332,60,,,,,,,,,,,,,,,,,,,,,,,,,,,,,,,,,,,,
520.8,0,0,38.95689264,-95.27493324,60,,,,,,,,,,,,,,,,,,,,,,,,,,,,,,,,,,,,
520.9,0,0,38.95689265,-95.27493327,60,,,,,,,,,,,,,,,,,,,,,,,,,,,,,,,,,,,,
521,0,0,38.95689266,-95.27493328,60,,,,,,,,,,,,,,,,,,,,,,,,,,,,,,,,,,,,
521.1,0,0,38.95689267,-95.27493327,60,,,,,,,,,,,,,,,,,,,,,,,,,,,,,,,,,,,,
521.2,0,0,38.95689272,-95.2749332,60,,,,,,,,,,,,,,,,,,,,,,,,,,,,,,,,,,,,
521.3,0,0,38.95689277,-95.27493313,60,,,,,,,,,,,,,,,,,,,,,,,,,,,,,,,,,,,,
521.4,0,0,38.95689287,-95.27493305,60,,,,,,,,,,,,,,,,,,,,,,,,,,,,,,,,,,,,
521.5,0.1,0,38.95689299,-95.27493298,60,,,,,,,,,,,,,,,,,,,,,,,,,,,,,,,,,,,,
521.6,0.1,0.2,38.95689313,-95.27493288,60,,,,,,,,,,,,,,,,,,,,,,,,,,,,,,,,,,,,
521.7,0.2,0.2,38.95689328,-95.2749328,60,,,,,,,,,,,,,,,,,,,,,,,,,,,,,,,,,,,,
521.8,0.2,0.2,38.95689348,-95.27493273,60,,,,,,,,,,,,,,,,,,,,,,,,,,,,,,,,,,,,
521.9,0.3,0.4,38.95689366,-95.27493267,60,,,,,,,,,,,,,,,,,,,,,,,,,,,,,,,,,,,,
522,0.3,0.2,38.95689385,-95.27493269,60,,,,,,,,,,,,,,,,,,,,,,,,,,,,,,,,,,,,
522.1,0.4,0.2,38.956894,-95.27493273,60,,,,,,,,,,,,,,,,,,,,,,,,,,,,,,,,,,,,
522.2,0.4,0.2,38.95689413,-95.27493278,60,,,,,,,,,,,,,,,,,,,,,,,,,,,,,,,,,,,,
522.3,0.4,0,38.95689422,-95.27493282,60,,,,,,,,,,,,,,,,,,,,,,,,,,,,,,,,,,,,
522.4,0.5,0,38.95689431,-95.27493292,60,,,,,,,,,,,,,,,,,,,,,,,,,,,,,,,,,,,,
522.5,0.5,0,38.95689439,-95.27493302,60,,,,,,,,,,,,,,,,,,,,,,,,,,,,,,,,,,,,
522.6,0.6,0,38.95689446,-95.27493311,60,,,,,,,,,,,,,,,,,,,,,,,,,,,,,,,,,,,,
522.7,0.6,0,38.95689453,-95.27493319,60,,,,,,,,,,,,,,,,,,,,,,,,,,,,,,,,,,,,
522.8,0.7,0,38.9568946,-95.27493326,60,,,,,,,,,,,,,,,,,,,,,,,,,,,,,,,,,,,,
522.9,0.7,0,38.95689465,-95.27493334,60,,,,,,,,,,,,,,,,,,,,,,,,,,,,,,,,,,,,
523,0.8,0,38.95689474,-95.27493337,60,,,,,,,,,,,,,,,,,,,,,,,,,,,,,,,,,,,,
523.1,0.8,0,38.95689483,-95.27493339,60,,,,,,,,,,,,,,,,,,,,,,,,,,,,,,,,,,,,
523.2,0.9,0,38.95689488,-95.27493339,60,,,,,,,,,,,,,,,,,,,,,,,,,,,,,,,,,,,,
523.3,0.9,0,38.95689492,-95.2749334,60,,,,,,,,,,,,,,,,,,,,,,,,,,,,,,,,,,,,
523.4,1,0,38.956895,-95.27493337,60,,,,,,,,,,,,,,,,,,,,,,,,,,,,,,,,,,,,
523.5,1,0,38.95689508,-95.27493332,60,,,,,,,,,,,,,,,,,,,,,,,,,,,,,,,,,,,,
523.6,1.1,0,38.95689514,-95.27493329,60,,,,,,,,,,,,,,,,,,,,,,,,,,,,,,,,,,,,
523.7,1.1,0,38.95689517,-95.27493327,60,,,,,,,,,,,,,,,,,,,,,,,,,,,,,,,,,,,,
523.8,1.1,0,38.95689522,-95.27493322,60,,,,,,,,,,,,,,,,,,,,,,,,,,,,,,,,,,,,
523.9,1.1,0,38.95689525,-95.27493317,60,,,,,,,,,,,,,,,,,,,,,,,,,,,,,,,,,,,,
524,1.2,0,38.95689527,-95.27493309,60,,,,,,,,,,,,,,,,,,,,,,,,,,,,,,,,,,,,
524.1,1.2,0,38.95689525,-95.27493301,60,,,,,,,,,,,,,,,,,,,,,,,,,,,,,,,,,,,,
524.2,1.2,0,38.95689525,-95.27493294,60,,,,,,,,,,,,,,,,,,,,,,,,,,,,,,,,,,,,
524.3,1.2,0,38.95689524,-95.27493289,60,,,,,,,,,,,,,,,,,,,,,,,,,,,,,,,,,,,,
524.4,1.2,0,38.95689523,-95.27493285,60,,,,,,,,,,,,,,,,,,,,,,,,,,,,,,,,,,,,
524.5,1.2,0,38.95689521,-95.27493282,60,,,,,,,,,,,,,,,,,,,,,,,,,,,,,,,,,,,,
524.6,1.2,0,38.95689522,-95.27493279,60,,,,,,,,,,,,,,,,,,,,,,,,,,,,,,,,,,,,
524.7,1.2,0,38.95689522,-95.27493276,60,,,,,,,,,,,,,,,,,,,,,,,,,,,,,,,,,,,,
524.8,1.2,0,38.95689528,-95.27493267,60,,,,,,,,,,,,,,,,,,,,,,,,,,,,,,,,,,,,
524.9,1.2,0,38.95689533,-95.27493256,60,,,,,,,,,,,,,,,,,,,,,,,,,,,,,,,,,,,,
525,1.2,0,38.9568954,-95.2749324,60,,,,,,,,,,,,,,,,,,,,,,,,,,,,,,,,,,,,
525.1,1.2,0.2,38.95689544,-95.2749322,60,,,,,,,,,,,,,,,,,,,,,,,,,,,,,,,,,,,,
525.2,1.2,0.2,38.95689552,-95.27493197,60,,,,,,,,,,,,,,,,,,,,,,,,,,,,,,,,,,,,
525.3,1.2,0.2,38.95689559,-95.27493173,60,,,,,,,,,,,,,,,,,,,,,,,,,,,,,,,,,,,,
525.4,1.2,0.2,38.95689568,-95.27493147,60,,,,,,,,,,,,,,,,,,,,,,,,,,,,,,,,,,,,
525.5,1.2,0.2,38.95689576,-95.27493124,60,,,,,,,,,,,,,,,,,,,,,,,,,,,,,,,,,,,,
525.6,1.2,0.4,38.95689585,-95.27493096,60,,,,,,,,,,,,,,,,,,,,,,,,,,,,,,,,,,,,
525.7,1.2,0.9,38.95689593,-95.27493052,60,,,,,,,,,,,,,,,,,,,,,,,,,,,,,,,,,,,,
525.8,1.2,1.1,38.95689602,-95.27492989,60,,,,,,,,,,,,,,,,,,,,,,,,,,,,,,,,,,,,
525.9,1.2,1.1,38.95689611,-95.27492919,60,,,,,,,,,,,,,,,,,,,,,,,,,,,,,,,,,,,,
526,1.2,1.1,38.95689626,-95.27492839,60,,,,,,,,,,,,,,,,,,,,,,,,,,,,,,,,,,,,
526.1,1.2,1.4,38.95689641,-95.27492757,60,,,,,,,,,,,,,,,,,,,,,,,,,,,,,,,,,,,,
526.2,1.2,1.4,38.95689664,-95.2749268,60,,,,,,,,,,,,,,,,,,,,,,,,,,,,,,,,,,,,
526.3,1.2,1.1,38.95689686,-95.27492615,60,,,,,,,,,,,,,,,,,,,,,,,,,,,,,,,,,,,,
526.4,1.2,0.7,38.95689714,-95.27492567,60,,,,,,,,,,,,,,,,,,,,,,,,,,,,,,,,,,,,
526.5,1.2,0.5,38.95689738,-95.2749253,60,,,,,,,,,,,,,,,,,,,,,,,,,,,,,,,,,,,,
526.6,1.2,0.7,38.95689765,-95.27492507,60,,,,,,,,,,,,,,,,,,,,,,,,,,,,,,,,,,,,
526.7,1.2,0.5,38.95689789,-95.27492486,60,,,,,,,,,,,,,,,,,,,,,,,,,,,,,,,,,,,,
526.8,1.2,0.5,38.9568981,-95.27492475,60,,,,,,,,,,,,,,,,,,,,,,,,,,,,,,,,,,,,
526.9,1.2,0.3,38.95689826,-95.27492468,60,,,,,,,,,,,,,,,,,,,,,,,,,,,,,,,,,,,,
527,1.1,0,38.95689839,-95.27492469,60,,,,,,,,,,,,,,,,,,,,,,,,,,,,,,,,,,,,
527.1,1.1,0,38.95689851,-95.2749247,60,,,,,,,,,,,,,,,,,,,,,,,,,,,,,,,,,,,,
527.2,1.1,0,38.95689859,-95.27492474,60,,,,,,,,,,,,,,,,,,,,,,,,,,,,,,,,,,,,
527.3,1,0,38.95689866,-95.27492477,60,,,,,,,,,,,,,,,,,,,,,,,,,,,,,,,,,,,,
527.4,0.9,0,38.95689867,-95.27492479,60,,,,,,,,,,,,,,,,,,,,,,,,,,,,,,,,,,,,
527.5,0.9,0,38.95689868,-95.27492481,60,,,,,,,,,,,,,,,,,,,,,,,,,,,,,,,,,,,,
527.6,0.8,0,38.95689868,-95.2749248,60,,,,,,,,,,,,,,,,,,,,,,,,,,,,,,,,,,,,
527.7,0.8,0,38.9568987,-95.2749248,60,,,,,,,,,,,,,,,,,,,,,,,,,,,,,,,,,,,,
527.8,0.8,0,38.9568987,-95.27492478,60,,,,,,,,,,,,,,,,,,,,,,,,,,,,,,,,,,,,
527.9,0.8,0,38.95689866,-95.27492477,60,,,,,,,,,,,,,,,,,,,,,,,,,,,,,,,,,,,,
528,0.8,0,38.95689855,-95.27492469,60,,,,,,,,,,,,,,,,,,,,,,,,,,,,,,,,,,,,
528.1,0.8,0.2,38.95689837,-95.27492463,60,,,,,,,,,,,,,,,,,,,,,,,,,,,,,,,,,,,,
528.2,0.8,0.4,38.9568981,-95.27492454,60,,,,,,,,,,,,,,,,,,,,,,,,,,,,,,,,,,,,
528.3,0.9,0.7,38.95689774,-95.27492448,60,,,,,,,,,,,,,,,,,,,,,,,,,,,,,,,,,,,,
528.4,0.9,0.9,38.95689731,-95.27492435,60,,,,,,,,,,,,,,,,,,,,,,,,,,,,,,,,,,,,
528.5,0.9,1.1,38.95689678,-95.27492425,60,,,,,,,,,,,,,,,,,,,,,,,,,,,,,,,,,,,,
528.6,0.9,1.3,38.95689614,-95.27492408,60,,,,,,,,,,,,,,,,,,,,,,,,,,,,,,,,,,,,
528.7,0.9,1.6,38.9568954,-95.27492396,60,,,,,,,,,,,,,,,,,,,,,,,,,,,,,,,,,,,,
528.8,0.9,1.8,38.95689455,-95.27492378,60,,,,,,,,,,,,,,,,,,,,,,,,,,,,,,,,,,,,
528.9,0.9,2,38.95689359,-95.27492366,60,,,,,,,,,,,,,,,,,,,,,,,,,,,,,,,,,,,,
529,0.9,2.2,38.95689258,-95.27492341,60,,,,,,,,,,,,,,,,,,,,,,,,,,,,,,,,,,,,
529.1,0.9,2.2,38.95689157,-95.27492322,60,,,,,,,,,,,,,,,,,,,,,,,,,,,,,,,,,,,,
529.2,0.9,1.8,38.95689067,-95.27492297,60,,,,,,,,,,,,,,,,,,,,,,,,,,,,,,,,,,,,
529.3,0.9,1.3,38.95688994,-95.27492279,60,,,,,,,,,,,,,,,,,,,,,,,,,,,,,,,,,,,,
529.4,0.8,1.3,38.95688951,-95.27492252,60,,,,,,,,,,,,,,,,,,,,,,,,,,,,,,,,,,,,
529.5,0.8,0.7,38.95688924,-95.27492226,60,,,,,,,,,,,,,,,,,,,,,,,,,,,,,,,,,,,,
529.6,0.8,0.4,38.95688917,-95.274922,60,,,,,,,,,,,,,,,,,,,,,,,,,,,,,,,,,,,,
529.7,0.8,0.2,38.95688908,-95.27492179,60,,,,,,,,,,,,,,,,,,,,,,,,,,,,,,,,,,,,
529.8,0.8,0.2,38.95688908,-95.27492167,60,,,,,,,,,,,,,,,,,,,,,,,,,,,,,,,,,,,,
529.9,0.8,0.2,38.95688906,-95.27492156,60,,,,,,,,,,,,,,,,,,,,,,,,,,,,,,,,,,,,
530,0.8,0.2,38.95688906,-95.27492154,60,,,,,,,,,,,,,,,,,,,,,,,,,,,,,,,,,,,,
530.1,0.8,0,38.95688904,-95.27492149,60,,,,,,,,,,,,,,,,,,,,,,,,,,,,,,,,,,,,
530.2,0.8,0,38.95688904,-95.27492155,60,,,,,,,,,,,,,,,,,,,,,,,,,,,,,,,,,,,,
530.3,0.8,0.2,38.95688898,-95.27492159,60,,,,,,,,,,,,,,,,,,,,,,,,,,,,,,,,,,,,
530.4,0.8,0.4,38.95688886,-95.27492172,60,,,,,,,,,,,,,,,,,,,,,,,,,,,,,,,,,,,,
530.5,0.8,0.4,38.95688867,-95.27492179,60,,,,,,,,,,,,,,,,,,,,,,,,,,,,,,,,,,,,
530.6,0.8,0.4,38.95688841,-95.27492196,60,,,,,,,,,,,,,,,,,,,,,,,,,,,,,,,,,,,,
530.7,0.8,0.7,38.95688809,-95.2749221,60,,,,,,,,,,,,,,,,,,,,,,,,,,,,,,,,,,,,
530.8,0.8,0.9,38.9568877,-95.27492226,60,,,,,,,,,,,,,,,,,,,,,,,,,,,,,,,,,,,,
530.9,0.8,0.9,38.95688726,-95.27492237,60,,,,,,,,,,,,,,,,,,,,,,,,,,,,,,,,,,,,
531,0.8,0.9,38.95688675,-95.27492246,60,,,,,,,,,,,,,,,,,,,,,,,,,,,,,,,,,,,,
531.1,0.8,0.9,38.95688627,-95.27492251,60,,,,,,,,,,,,,,,,,,,,,,,,,,,,,,,,,,,,
531.2,0.8,0.7,38.95688587,-95.27492249,60,,,,,,,,,,,,,,,,,,,,,,,,,,,,,,,,,,,,
531.3,0.8,0.4,38.95688556,-95.27492244,60,,,,,,,,,,,,,,,,,,,,,,,,,,,,,,,,,,,,
531.4,0.7,0.2,38.95688541,-95.27492234,60,,,,,,,,,,,,,,,,,,,,,,,,,,,,,,,,,,,,
531.5,0.7,0,38.95688534,-95.27492224,60,,,,,,,,,,,,,,,,,,,,,,,,,,,,,,,,,,,,
531.6,0.7,0,38.95688539,-95.27492213,60,,,,,,,,,,,,,,,,,,,,,,,,,,,,,,,,,,,,
531.7,0.6,0,38.95688547,-95.27492203,60,,,,,,,,,,,,,,,,,,,,,,,,,,,,,,,,,,,,
531.8,0.6,0,38.95688559,-95.27492193,60,,,,,,,,,,,,,,,,,,,,,,,,,,,,,,,,,,,,
531.9,0.6,0.2,38.95688569,-95.27492185,60,,,,,,,,,,,,,,,,,,,,,,,,,,,,,,,,,,,,
532,0.5,0,38.95688582,-95.27492181,60,,,,,,,,,,,,,,,,,,,,,,,,,,,,,,,,,,,,
532.1,0.5,0.2,38.95688592,-95.27492177,60,,,,,,,,,,,,,,,,,,,,,,,,,,,,,,,,,,,,
532.2,0.5,0.2,38.95688603,-95.27492175,60,,,,,,,,,,,,,,,,,,,,,,,,,,,,,,,,,,,,
532.3,0.5,0,38.9568861,-95.27492171,60,,,,,,,,,,,,,,,,,,,,,,,,,,,,,,,,,,,,
532.4,0.4,0,38.95688616,-95.27492174,60,,,,,,,,,,,,,,,,,,,,,,,,,,,,,,,,,,,,
532.5,0.4,0,38.9568862,-95.27492177,60,,,,,,,,,,,,,,,,,,,,,,,,,,,,,,,,,,,,
532.6,0.4,0,38.95688622,-95.27492181,60,,,,,,,,,,,,,,,,,,,,,,,,,,,,,,,,,,,,
532.7,0.4,0,38.95688623,-95.27492182,60,,,,,,,,,,,,,,,,,,,,,,,,,,,,,,,,,,,,
532.8,0.4,0,38.95688625,-95.27492185,60,,,,,,,,,,,,,,,,,,,,,,,,,,,,,,,,,,,,
532.9,0.4,0,38.95688625,-95.27492186,60,,,,,,,,,,,,,,,,,,,,,,,,,,,,,,,,,,,,
533,0.4,0,38.95688628,-95.27492187,60,,,,,,,,,,,,,,,,,,,,,,,,,,,,,,,,,,,,
533.1,0.4,0,38.95688629,-95.27492188,60,,,,,,,,,,,,,,,,,,,,,,,,,,,,,,,,,,,,
533.2,0.4,0,38.9568863,-95.2749219,60,,,,,,,,,,,,,,,,,,,,,,,,,,,,,,,,,,,,
533.3,0.4,0,38.95688628,-95.27492194,60,,,,,,,,,,,,,,,,,,,,,,,,,,,,,,,,,,,,
533.4,0.4,0,38.95688627,-95.27492196,60,,,,,,,,,,,,,,,,,,,,,,,,,,,,,,,,,,,,
533.5,0.4,0,38.95688625,-95.27492197,60,,,,,,,,,,,,,,,,,,,,,,,,,,,,,,,,,,,,
533.6,0.4,0,38.95688627,-95.27492198,60,,,,,,,,,,,,,,,,,,,,,,,,,,,,,,,,,,,,
533.7,0.4,0,38.95688629,-95.274922,60,,,,,,,,,,,,,,,,,,,,,,,,,,,,,,,,,,,,
533.8,0.4,0,38.95688631,-95.27492203,60,,,,,,,,,,,,,,,,,,,,,,,,,,,,,,,,,,,,
533.9,0.4,0,38.95688631,-95.27492207,60,,,,,,,,,,,,,,,,,,,,,,,,,,,,,,,,,,,,
534,0.4,0,38.95688632,-95.27492206,60,,,,,,,,,,,,,,,,,,,,,,,,,,,,,,,,,,,,
534.1,0.4,0,38.95688633,-95.27492204,60,,,,,,,,,,,,,,,,,,,,,,,,,,,,,,,,,,,,
534.2,0.4,0,38.95688637,-95.27492204,60,,,,,,,,,,,,,,,,,,,,,,,,,,,,,,,,,,,,
534.3,0.4,0,38.95688641,-95.27492205,60,,,,,,,,,,,,,,,,,,,,,,,,,,,,,,,,,,,,
534.4,0.4,0,38.95688648,-95.27492203,60,,,,,,,,,,,,,,,,,,,,,,,,,,,,,,,,,,,,
534.5,0.4,0,38.95688654,-95.274922,60,,,,,,,,,,,,,,,,,,,,,,,,,,,,,,,,,,,,
534.6,0.5,0,38.95688663,-95.27492196,60,,,,,,,,,,,,,,,,,,,,,,,,,,,,,,,,,,,,
534.7,0.5,0,38.95688669,-95.27492194,60,,,,,,,,,,,,,,,,,,,,,,,,,,,,,,,,,,,,
534.8,0.5,0,38.95688673,-95.27492188,60,,,,,,,,,,,,,,,,,,,,,,,,,,,,,,,,,,,,
534.9,0.4,0,38.95688672,-95.27492184,60,,,,,,,,,,,,,,,,,,,,,,,,,,,,,,,,,,,,
535,0.4,0,38.95688671,-95.2749218,60,,,,,,,,,,,,,,,,,,,,,,,,,,,,,,,,,,,,
535.1,0.4,0,38.95688665,-95.27492177,60,,,,,,,,,,,,,,,,,,,,,,,,,,,,,,,,,,,,
535.2,0.4,0.2,38.95688659,-95.27492172,60,,,,,,,,,,,,,,,,,,,,,,,,,,,,,,,,,,,,
535.3,0.4,0.2,38.95688648,-95.27492167,60,,,,,,,,,,,,,,,,,,,,,,,,,,,,,,,,,,,,
535.4,0.4,0.4,38.95688636,-95.27492158,60,,,,,,,,,,,,,,,,,,,,,,,,,,,,,,,,,,,,
535.5,0.4,0.4,38.95688617,-95.27492151,60,,,,,,,,,,,,,,,,,,,,,,,,,,,,,,,,,,,,
535.6,0.4,0.7,38.95688592,-95.27492143,60,,,,,,,,,,,,,,,,,,,,,,,,,,,,,,,,,,,,
535.7,0.4,0.9,38.95688559,-95.27492139,60,,,,,,,,,,,,,,,,,,,,,,,,,,,,,,,,,,,,
535.8,0.4,0.9,38.95688521,-95.27492132,60,,,,,,,,,,,,,,,,,,,,,,,,,,,,,,,,,,,,
535.9,0.4,0.9,38.95688481,-95.27492126,60,,,,,,,,,,,,,,,,,,,,,,,,,,,,,,,,,,,,
536,0.4,0.9,38.95688443,-95.27492117,60,,,,,,,,,,,,,,,,,,,,,,,,,,,,,,,,,,,,
536.1,0.4,0.9,38.95688406,-95.27492119,60,,,,,,,,,,,,,,,,,,,,,,,,,,,,,,,,,,,,
536.2,0.4,0.9,38.95688374,-95.2749213,60,,,,,,,,,,,,,,,,,,,,,,,,,,,,,,,,,,,,
536.3,0.4,0.9,38.95688344,-95.27492158,60,,,,,,,,,,,,,,,,,,,,,,,,,,,,,,,,,,,,
536.4,0.4,1.3,38.95688316,-95.27492204,60,,,,,,,,,,,,,,,,,,,,,,,,,,,,,,,,,,,,
536.5,0.4,1.4,38.95688288,-95.2749227,60,,,,,,,,,,,,,,,,,,,,,,,,,,,,,,,,,,,,
536.6,0.4,1.8,38.95688263,-95.2749236,60,,,,,,,,,,,,,,,,,,,,,,,,,,,,,,,,,,,,
536.7,0.5,2.1,38.9568824,-95.27492467,60,,,,,,,,,,,,,,,,,,,,,,,,,,,,,,,,,,,,
536.8,0.5,2.3,38.95688211,-95.27492587,60,,,,,,,,,,,,,,,,,,,,,,,,,,,,,,,,,,,,
536.9,0.5,2.3,38.95688182,-95.2749271,60,,,,,,,,,,,,,,,,,,,,,,,,,,,,,,,,,,,,
537,0.5,2,38.95688149,-95.27492826,60,,,,,,,,,,,,,,,,,,,,,,,,,,,,,,,,,,,,
537.1,0.4,1.6,38.9568812,-95.2749292,60,,,,,,,,,,,,,,,,,,,,,,,,,,,,,,,,,,,,
537.2,0.4,1.1,38.9568809,-95.27492993,60,,,,,,,,,,,,,,,,,,,,,,,,,,,,,,,,,,,,
537.3,0.4,1.1,38.95688063,-95.27493053,60,,,,,,,,,,,,,,,,,,,,,,,,,,,,,,,,,,,,
537.4,0.4,0.9,38.95688036,-95.27493096,60,,,,,,,,,,,,,,,,,,,,,,,,,,,,,,,,,,,,
537.5,0.4,0.9,38.9568801,-95.27493132,60,,,,,,,,,,,,,,,,,,,,,,,,,,,,,,,,,,,,
537.6,0.4,0.7,38.95687988,-95.27493159,60,,,,,,,,,,,,,,,,,,,,,,,,,,,,,,,,,,,,
537.7,0.4,0.7,38.95687969,-95.27493185,60,,,,,,,,,,,,,,,,,,,,,,,,,,,,,,,,,,,,
537.8,0.4,0.4,38.95687955,-95.27493208,60,,,,,,,,,,,,,,,,,,,,,,,,,,,,,,,,,,,,
537.9,0.4,0.4,38.95687943,-95.27493229,60,,,,,,,,,,,,,,,,,,,,,,,,,,,,,,,,,,,,
538,0.4,0.2,38.9568794,-95.27493242,60,,,,,,,,,,,,,,,,,,,,,,,,,,,,,,,,,,,,
538.1,0.4,0.2,38.95687937,-95.27493247,60,,,,,,,,,,,,,,,,,,,,,,,,,,,,,,,,,,,,
538.2,0.4,0,38.95687943,-95.27493241,60,,,,,,,,,,,,,,,,,,,,,,,,,,,,,,,,,,,,
538.3,0.5,0,38.95687946,-95.27493223,60,,,,,,,,,,,,,,,,,,,,,,,,,,,,,,,,,,,,
538.4,0.5,0.4,38.95687957,-95.27493195,60,,,,,,,,,,,,,,,,,,,,,,,,,,,,,,,,,,,,
538.5,0.5,0.7,38.95687964,-95.27493154,60,,,,,,,,,,,,,,,,,,,,,,,,,,,,,,,,,,,,
538.6,0.5,0.9,38.95687979,-95.27493097,60,,,,,,,,,,,,,,,,,,,,,,,,,,,,,,,,,,,,
538.7,0.5,1.3,38.95687989,-95.2749302,60,,,,,,,,,,,,,,,,,,,,,,,,,,,,,,,,,,,,
538.8,0.4,1.8,38.95688005,-95.27492922,60,,,,,,,,,,,,,,,,,,,,,,,,,,,,,,,,,,,,
538.9,0.4,2.2,38.95688014,-95.27492801,60,,,,,,,,,,,,,,,,,,,,,,,,,,,,,,,,,,,,
539,0.4,2.5,38.9568804,-95.27492666,60,,,,,,,,,,,,,,,,,,,,,,,,,,,,,,,,,,,,
539.1,0.4,2.2,38.95688062,-95.27492536,60,,,,,,,,,,,,,,,,,,,,,,,,,,,,,,,,,,,,
539.2,0.4,2,38.95688097,-95.27492419,60,,,,,,,,,,,,,,,,,,,,,,,,,,,,,,,,,,,,
539.3,0.4,1.6,38.95688127,-95.27492317,60,,,,,,,,,,,,,,,,,,,,,,,,,,,,,,,,,,,,
539.4,0.4,1.6,38.95688166,-95.27492242,60,,,,,,,,,,,,,,,,,,,,,,,,,,,,,,,,,,,,
539.5,0.4,1.1,38.95688199,-95.27492181,59,,,,,,,,,,,,,,,,,,,,,,,,,,,,,,,,,,,,
539.6,0.4,0.9,38.95688239,-95.27492137,59,,,,,,,,,,,,,,,,,,,,,,,,,,,,,,,,,,,,
539.7,0.4,0.7,38.95688272,-95.27492102,59,,,,,,,,,,,,,,,,,,,,,,,,,,,,,,,,,,,,
539.8,0.5,0.4,38.95688302,-95.27492084,59,,,,,,,,,,,,,,,,,,,,,,,,,,,,,,,,,,,,
539.9,0.5,0.2,38.95688325,-95.27492072,59,,,,,,,,,,,,,,,,,,,,,,,,,,,,,,,,,,,,
540,0.5,0.2,38.95688343,-95.27492077,59,,,,,,,,,,,,,,,,,,,,,,,,,,,,,,,,,,,,
540.1,0.5,0,38.9568836,-95.27492082,59,,,,,,,,,,,,,,,,,,,,,,,,,,,,,,,,,,,,
540.2,0.5,0,38.95688367,-95.27492087,59,,,,,,,,,,,,,,,,,,,,,,,,,,,,,,,,,,,,
540.3,0.5,0,38.95688369,-95.27492088,59,,,,,,,,,,,,,,,,,,,,,,,,,,,,,,,,,,,,
540.4,0.5,0.2,38.95688354,-95.27492086,59,,,,,,,,,,,,,,,,,,,,,,,,,,,,,,,,,,,,
540.5,0.5,0.4,38.95688333,-95.27492084,59,,,,,,,,,,,,,,,,,,,,,,,,,,,,,,,,,,,,
540.6,0.5,0.4,38.95688299,-95.27492076,59,,,,,,,,,,,,,,,,,,,,,,,,,,,,,,,,,,,,
540.7,0.5,0.7,38.95688264,-95.27492071,59,,,,,,,,,,,,,,,,,,,,,,,,,,,,,,,,,,,,
540.8,0.5,0.7,38.95688217,-95.27492057,59,,,,,,,,,,,,,,,,,,,,,,,,,,,,,,,,,,,,
540.9,0.5,0.7,38.95688173,-95.27492046,59,,,,,,,,,,,,,,,,,,,,,,,,,,,,,,,,,,,,
541,0.4,0.7,38.95688132,-95.27492027,59,,,,,,,,,,,,,,,,,,,,,,,,,,,,,,,,,,,,
541.1,0.4,0.4,38.95688101,-95.27492012,59,,,,,,,,,,,,,,,,,,,,,,,,,,,,,,,,,,,,
541.2,0.4,0.2,38.95688079,-95.27491989,59,,,,,,,,,,,,,,,,,,,,,,,,,,,,,,,,,,,,
541.3,0.4,0.2,38.95688065,-95.27491972,59,,,,,,,,,,,,,,,,,,,,,,,,,,,,,,,,,,,,
541.4,0.4,0,38.95688057,-95.27491954,59,,,,,,,,,,,,,,,,,,,,,,,,,,,,,,,,,,,,
541.5,0.5,0,38.95688053,-95.27491948,59,,,,,,,,,,,,,,,,,,,,,,,,,,,,,,,,,,,,
541.6,0.5,0.2,38.95688053,-95.27491948,59,,,,,,,,,,,,,,,,,,,,,,,,,,,,,,,,,,,,
541.7,0.5,0.4,38.95688053,-95.2749196,59,,,,,,,,,,,,,,,,,,,,,,,,,,,,,,,,,,,,
541.8,0.5,0.4,38.95688056,-95.27491983,59,,,,,,,,,,,,,,,,,,,,,,,,,,,,,,,,,,,,
541.9,0.5,0.4,38.95688059,-95.27492011,59,,,,,,,,,,,,,,,,,,,,,,,,,,,,,,,,,,,,
542,0.5,0.4,38.95688061,-95.27492044,59,,,,,,,,,,,,,,,,,,,,,,,,,,,,,,,,,,,,
542.1,0.5,0.4,38.95688062,-95.27492072,59,,,,,,,,,,,,,,,,,,,,,,,,,,,,,,,,,,,,
542.2,0.5,0.2,38.95688063,-95.27492095,59,,,,,,,,,,,,,,,,,,,,,,,,,,,,,,,,,,,,
542.3,0.5,0.2,38.95688064,-95.27492111,59,,,,,,,,,,,,,,,,,,,,,,,,,,,,,,,,,,,,
542.4,0.5,0.2,38.95688065,-95.27492125,59,,,,,,,,,,,,,,,,,,,,,,,,,,,,,,,,,,,,
542.5,0.5,0.2,38.95688066,-95.2749214,59,,,,,,,,,,,,,,,,,,,,,,,,,,,,,,,,,,,,
542.6,0.5,0.2,38.95688067,-95.27492156,59,,,,,,,,,,,,,,,,,,,,,,,,,,,,,,,,,,,,
542.7,0.5,0,38.95688068,-95.27492169,59,,,,,,,,,,,,,,,,,,,,,,,,,,,,,,,,,,,,
542.8,0.5,0,38.95688071,-95.27492179,59,,,,,,,,,,,,,,,,,,,,,,,,,,,,,,,,,,,,
542.9,0.5,0,38.95688073,-95.27492186,59,,,,,,,,,,,,,,,,,,,,,,,,,,,,,,,,,,,,
543,0.4,0,38.95688076,-95.27492189,59,,,,,,,,,,,,,,,,,,,,,,,,,,,,,,,,,,,,
543.1,0.4,0,38.95688079,-95.2749219,59,,,,,,,,,,,,,,,,,,,,,,,,,,,,,,,,,,,,
543.2,0.4,0,38.95688085,-95.2749219,59,,,,,,,,,,,,,,,,,,,,,,,,,,,,,,,,,,,,
543.3,0.4,0,38.95688092,-95.2749219,59,,,,,,,,,,,,,,,,,,,,,,,,,,,,,,,,,,,,
543.4,0.4,0,38.956881,-95.27492189,59,,,,,,,,,,,,,,,,,,,,,,,,,,,,,,,,,,,,
543.5,0.4,0,38.95688105,-95.27492189,59,,,,,,,,,,,,,,,,,,,,,,,,,,,,,,,,,,,,
543.6,0.4,0,38.95688112,-95.27492189,59,,,,,,,,,,,,,,,,,,,,,,,,,,,,,,,,,,,,
543.7,0.4,0,38.95688117,-95.2749219,59,,,,,,,,,,,,,,,,,,,,,,,,,,,,,,,,,,,,
543.8,0.4,0,38.95688126,-95.27492195,59,,,,,,,,,,,,,,,,,,,,,,,,,,,,,,,,,,,,
543.9,0.4,0.2,38.95688136,-95.27492208,59,,,,,,,,,,,,,,,,,,,,,,,,,,,,,,,,,,,,
544,0.4,0.2,38.95688146,-95.27492227,59,,,,,,,,,,,,,,,,,,,,,,,,,,,,,,,,,,,,
544.1,0.4,0.2,38.95688152,-95.27492247,59,,,,,,,,,,,,,,,,,,,,,,,,,,,,,,,,,,,,
544.2,0.4,0.3,38.95688162,-95.27492269,59,,,,,,,,,,,,,,,,,,,,,,,,,,,,,,,,,,,,
544.3,0.4,0.3,38.95688171,-95.27492288,59,,,,,,,,,,,,,,,,,,,,,,,,,,,,,,,,,,,,
544.4,0.5,0.3,38.95688179,-95.27492303,59,,,,,,,,,,,,,,,,,,,,,,,,,,,,,,,,,,,,
544.5,0.5,0.2,38.95688185,-95.27492314,59,,,,,,,,,,,,,,,,,,,,,,,,,,,,,,,,,,,,
544.6,0.4,0,38.95688191,-95.27492322,59,,,,,,,,,,,,,,,,,,,,,,,,,,,,,,,,,,,,
544.7,0.4,0,38.95688197,-95.27492329,59,,,,,,,,,,,,,,,,,,,,,,,,,,,,,,,,,,,,
544.8,0.4,0,38.95688207,-95.27492334,59,,,,,,,,,,,,,,,,,,,,,,,,,,,,,,,,,,,,
544.9,0.4,0,38.95688215,-95.27492338,59,,,,,,,,,,,,,,,,,,,,,,,,,,,,,,,,,,,,
545,0.4,0,38.95688226,-95.27492339,59,,,,,,,,,,,,,,,,,,,,,,,,,,,,,,,,,,,,
545.1,0.4,0,38.95688235,-95.27492339,59,,,,,,,,,,,,,,,,,,,,,,,,,,,,,,,,,,,,
545.2,0.4,0,38.95688244,-95.27492336,59,,,,,,,,,,,,,,,,,,,,,,,,,,,,,,,,,,,,
545.3,0.4,0,38.95688251,-95.27492333,59,,,,,,,,,,,,,,,,,,,,,,,,,,,,,,,,,,,,
545.4,0.4,0,38.9568826,-95.27492329,59,,,,,,,,,,,,,,,,,,,,,,,,,,,,,,,,,,,,
545.5,0.4,0,38.95688267,-95.27492323,59,,,,,,,,,,,,,,,,,,,,,,,,,,,,,,,,,,,,
545.6,0.4,0,38.95688274,-95.27492314,59,,,,,,,,,,,,,,,,,,,,,,,,,,,,,,,,,,,,
545.7,0.4,0,38.95688278,-95.27492304,59,,,,,,,,,,,,,,,,,,,,,,,,,,,,,,,,,,,,
545.8,0.4,0,38.95688282,-95.27492293,59,,,,,,,,,,,,,,,,,,,,,,,,,,,,,,,,,,,,
545.9,0.4,0,38.95688284,-95.27492284,59,,,,,,,,,,,,,,,,,,,,,,,,,,,,,,,,,,,,
546,0.4,0,38.95688286,-95.27492278,59,,,,,,,,,,,,,,,,,,,,,,,,,,,,,,,,,,,,
546.1,0.4,0,38.95688286,-95.27492275,59,,,,,,,,,,,,,,,,,,,,,,,,,,,,,,,,,,,,
546.2,0.4,0,38.95688288,-95.27492278,59,,,,,,,,,,,,,,,,,,,,,,,,,,,,,,,,,,,,
546.3,0.4,0,38.95688289,-95.27492282,59,,,,,,,,,,,,,,,,,,,,,,,,,,,,,,,,,,,,
546.4,0.4,0,38.9568829,-95.27492289,59,,,,,,,,,,,,,,,,,,,,,,,,,,,,,,,,,,,,
546.5,0.4,0,38.95688289,-95.27492294,59,,,,,,,,,,,,,,,,,,,,,,,,,,,,,,,,,,,,
546.6,0.4,0,38.9568829,-95.27492299,59,,,,,,,,,,,,,,,,,,,,,,,,,,,,,,,,,,,,
546.7,0.4,0,38.95688289,-95.27492302,59,,,,,,,,,,,,,,,,,,,,,,,,,,,,,,,,,,,,
546.8,0.4,0,38.95688289,-95.27492305,59,,,,,,,,,,,,,,,,,,,,,,,,,,,,,,,,,,,,
546.9,0.4,0,38.95688288,-95.27492307,59,,,,,,,,,,,,,,,,,,,,,,,,,,,,,,,,,,,,
547,0.4,0,38.95688288,-95.27492308,59,,,,,,,,,,,,,,,,,,,,,,,,,,,,,,,,,,,,
547.1,0.4,0,38.95688285,-95.27492309,59,,,,,,,,,,,,,,,,,,,,,,,,,,,,,,,,,,,,
547.2,0.4,0,38.95688284,-95.27492307,59,,,,,,,,,,,,,,,,,,,,,,,,,,,,,,,,,,,,
547.3,0.4,0,38.95688282,-95.27492305,59,,,,,,,,,,,,,,,,,,,,,,,,,,,,,,,,,,,,
547.4,0.4,0,38.95688281,-95.27492302,59,,,,,,,,,,,,,,,,,,,,,,,,,,,,,,,,,,,,
547.5,0.4,0,38.95688279,-95.27492301,59,,,,,,,,,,,,,,,,,,,,,,,,,,,,,,,,,,,,
547.6,0.4,0,38.95688277,-95.274923,59,,,,,,,,,,,,,,,,,,,,,,,,,,,,,,,,,,,,
547.7,0.4,0,38.95688273,-95.274923,59,,,,,,,,,,,,,,,,,,,,,,,,,,,,,,,,,,,,
547.8,0.4,0,38.95688271,-95.274923,59,,,,,,,,,,,,,,,,,,,,,,,,,,,,,,,,,,,,
547.9,0.4,0,38.95688269,-95.27492301,59,,,,,,,,,,,,,,,,,,,,,,,,,,,,,,,,,,,,
548,0.4,0,38.95688269,-95.27492303,59,,,,,,,,,,,,,,,,,,,,,,,,,,,,,,,,,,,,
548.1,0.4,0,38.95688268,-95.27492306,59,,,,,,,,,,,,,,,,,,,,,,,,,,,,,,,,,,,,
548.2,0.4,0,38.95688266,-95.27492309,59,,,,,,,,,,,,,,,,,,,,,,,,,,,,,,,,,,,,
548.3,0.4,0,38.95688263,-95.27492312,59,,,,,,,,,,,,,,,,,,,,,,,,,,,,,,,,,,,,
548.4,0.4,0,38.95688261,-95.27492316,59,,,,,,,,,,,,,,,,,,,,,,,,,,,,,,,,,,,,
548.5,0.4,0,38.95688258,-95.2749232,59,,,,,,,,,,,,,,,,,,,,,,,,,,,,,,,,,,,,
548.6,0.4,0,38.95688254,-95.27492324,59,,,,,,,,,,,,,,,,,,,,,,,,,,,,,,,,,,,,
548.7,0.4,0,38.95688249,-95.27492328,59,,,,,,,,,,,,,,,,,,,,,,,,,,,,,,,,,,,,
548.8,0.4,0,38.95688244,-95.2749233,59,,,,,,,,,,,,,,,,,,,,,,,,,,,,,,,,,,,,
548.9,0.4,0,38.95688238,-95.27492333,59,,,,,,,,,,,,,,,,,,,,,,,,,,,,,,,,,,,,
549,0.4,0,38.95688233,-95.27492337,59,,,,,,,,,,,,,,,,,,,,,,,,,,,,,,,,,,,,
549.1,0.4,0,38.95688227,-95.27492341,59,,,,,,,,,,,,,,,,,,,,,,,,,,,,,,,,,,,,
549.2,0.4,0,38.95688225,-95.27492347,59,,,,,,,,,,,,,,,,,,,,,,,,,,,,,,,,,,,,
549.3,0.4,0,38.95688222,-95.27492352,59,,,,,,,,,,,,,,,,,,,,,,,,,,,,,,,,,,,,
549.4,0.4,0,38.9568822,-95.2749236,59,,,,,,,,,,,,,,,,,,,,,,,,,,,,,,,,,,,,
549.5,0.4,0,38.95688216,-95.27492367,59,,,,,,,,,,,,,,,,,,,,,,,,,,,,,,,,,,,,
549.6,0.4,0,38.95688214,-95.27492373,59,,,,,,,,,,,,,,,,,,,,,,,,,,,,,,,,,,,,
549.7,0.4,0,38.95688212,-95.27492379,59,,,,,,,,,,,,,,,,,,,,,,,,,,,,,,,,,,,,
549.8,0.4,0,38.95688213,-95.27492384,59,,,,,,,,,,,,,,,,,,,,,,,,,,,,,,,,,,,,
549.9,0.4,0,38.95688212,-95.2749239,59,,,,,,,,,,,,,,,,,,,,,,,,,,,,,,,,,,,,
550,0.4,0,38.95688214,-95.27492393,59,,,,,,,,,,,,,,,,,,,,,,,,,,,,,,,,,,,,
550.1,0.4,0,38.95688215,-95.27492396,59,,,,,,,,,,,,,,,,,,,,,,,,,,,,,,,,,,,,
550.2,0.4,0,38.95688217,-95.27492398,59,,,,,,,,,,,,,,,,,,,,,,,,,,,,,,,,,,,,
550.3,0.4,0,38.95688215,-95.27492399,59,,,,,,,,,,,,,,,,,,,,,,,,,,,,,,,,,,,,
550.4,0.4,0,38.95688216,-95.27492401,59,,,,,,,,,,,,,,,,,,,,,,,,,,,,,,,,,,,,
550.5,0.4,0,38.95688214,-95.27492402,59,,,,,,,,,,,,,,,,,,,,,,,,,,,,,,,,,,,,
550.6,0.4,0,38.95688214,-95.27492402,59,,,,,,,,,,,,,,,,,,,,,,,,,,,,,,,,,,,,
550.7,0.4,0,38.95688212,-95.27492403,59,,,,,,,,,,,,,,,,,,,,,,,,,,,,,,,,,,,,
550.8,0.4,0,38.95688213,-95.27492404,59,,,,,,,,,,,,,,,,,,,,,,,,,,,,,,,,,,,,
550.9,0.4,0,38.95688212,-95.27492406,59,,,,,,,,,,,,,,,,,,,,,,,,,,,,,,,,,,,,
551,0.4,0,38.95688212,-95.27492411,59,,,,,,,,,,,,,,,,,,,,,,,,,,,,,,,,,,,,
551.1,0.4,0,38.95688209,-95.27492416,59,,,,,,,,,,,,,,,,,,,,,,,,,,,,,,,,,,,,
551.2,0.4,0,38.95688208,-95.2749242,59,,,,,,,,,,,,,,,,,,,,,,,,,,,,,,,,,,,,
551.3,0.4,0,38.95688206,-95.27492424,59,,,,,,,,,,,,,,,,,,,,,,,,,,,,,,,,,,,,
551.4,0.4,0,38.95688207,-95.27492428,59,,,,,,,,,,,,,,,,,,,,,,,,,,,,,,,,,,,,
551.5,0.4,0,38.95688206,-95.27492432,59,,,,,,,,,,,,,,,,,,,,,,,,,,,,,,,,,,,,
551.6,0.4,0,38.95688205,-95.27492433,59,,,,,,,,,,,,,,,,,,,,,,,,,,,,,,,,,,,,
551.7,0.4,0,38.95688202,-95.27492432,59,,,,,,,,,,,,,,,,,,,,,,,,,,,,,,,,,,,,
551.8,0.4,0,38.95688199,-95.27492429,59,,,,,,,,,,,,,,,,,,,,,,,,,,,,,,,,,,,,
551.9,0.4,0,38.95688195,-95.27492427,59,,,,,,,,,,,,,,,,,,,,,,,,,,,,,,,,,,,,
552,0.4,0,38.95688193,-95.27492424,59,,,,,,,,,,,,,,,,,,,,,,,,,,,,,,,,,,,,
552.1,0.4,0,38.95688191,-95.27492423,59,,,,,,,,,,,,,,,,,,,,,,,,,,,,,,,,,,,,
552.2,0.4,0,38.95688191,-95.27492421,59,,,,,,,,,,,,,,,,,,,,,,,,,,,,,,,,,,,,
552.3,0.4,0,38.9568819,-95.27492419,59,,,,,,,,,,,,,,,,,,,,,,,,,,,,,,,,,,,,
552.4,0.4,0,38.95688192,-95.27492418,59,,,,,,,,,,,,,,,,,,,,,,,,,,,,,,,,,,,,
552.5,0.4,0,38.95688193,-95.27492417,59,,,,,,,,,,,,,,,,,,,,,,,,,,,,,,,,,,,,
552.6,0.4,0,38.95688195,-95.27492414,59,,,,,,,,,,,,,,,,,,,,,,,,,,,,,,,,,,,,
552.7,0.4,0,38.95688196,-95.27492411,59,,,,,,,,,,,,,,,,,,,,,,,,,,,,,,,,,,,,
552.8,0.4,0,38.95688197,-95.27492411,59,,,,,,,,,,,,,,,,,,,,,,,,,,,,,,,,,,,,
552.9,0.4,0,38.95688196,-95.27492412,59,,,,,,,,,,,,,,,,,,,,,,,,,,,,,,,,,,,,
553,0.4,0,38.95688196,-95.2749241,59,,,,,,,,,,,,,,,,,,,,,,,,,,,,,,,,,,,,
553.1,0.4,0,38.95688195,-95.27492407,59,,,,,,,,,,,,,,,,,,,,,,,,,,,,,,,,,,,,
553.2,0.4,0,38.95688195,-95.27492406,59,,,,,,,,,,,,,,,,,,,,,,,,,,,,,,,,,,,,
553.3,0.4,0,38.95688195,-95.27492406,59,,,,,,,,,,,,,,,,,,,,,,,,,,,,,,,,,,,,
553.4,0.4,0,38.95688193,-95.27492404,59,,,,,,,,,,,,,,,,,,,,,,,,,,,,,,,,,,,,
553.5,0.4,0,38.9568819,-95.27492404,59,,,,,,,,,,,,,,,,,,,,,,,,,,,,,,,,,,,,
553.6,0.4,0,38.95688191,-95.27492404,59,,,,,,,,,,,,,,,,,,,,,,,,,,,,,,,,,,,,
553.7,0.4,0,38.95688193,-95.27492404,59,,,,,,,,,,,,,,,,,,,,,,,,,,,,,,,,,,,,
553.8,0.4,0,38.95688193,-95.27492407,59,,,,,,,,,,,,,,,,,,,,,,,,,,,,,,,,,,,,
553.9,0.4,0,38.9568819,-95.2749241,59,,,,,,,,,,,,,,,,,,,,,,,,,,,,,,,,,,,,
554,0.4,0,38.95688187,-95.27492415,59,,,,,,,,,,,,,,,,,,,,,,,,,,,,,,,,,,,,
554.1,0.4,0,38.95688184,-95.2749242,59,,,,,,,,,,,,,,,,,,,,,,,,,,,,,,,,,,,,
554.2,0.4,0,38.95688183,-95.27492422,59,,,,,,,,,,,,,,,,,,,,,,,,,,,,,,,,,,,,
554.3,0.4,0,38.9568818,-95.27492424,59,,,,,,,,,,,,,,,,,,,,,,,,,,,,,,,,,,,,
554.4,0.4,0,38.95688179,-95.27492427,59,,,,,,,,,,,,,,,,,,,,,,,,,,,,,,,,,,,,
554.5,0.4,0,38.95688177,-95.27492431,59,,,,,,,,,,,,,,,,,,,,,,,,,,,,,,,,,,,,
554.6,0.4,0,38.95688176,-95.27492435,59,,,,,,,,,,,,,,,,,,,,,,,,,,,,,,,,,,,,
554.7,0.4,0,38.95688175,-95.27492441,59,,,,,,,,,,,,,,,,,,,,,,,,,,,,,,,,,,,,
554.8,0.4,0,38.95688177,-95.27492445,59,,,,,,,,,,,,,,,,,,,,,,,,,,,,,,,,,,,,
554.9,0.4,0,38.95688178,-95.2749245,59,,,,,,,,,,,,,,,,,,,,,,,,,,,,,,,,,,,,
555,0.4,0,38.9568818,-95.27492454,59,,,,,,,,,,,,,,,,,,,,,,,,,,,,,,,,,,,,
555.1,0.4,0,38.95688181,-95.27492459,59,,,,,,,,,,,,,,,,,,,,,,,,,,,,,,,,,,,,
555.2,0.4,0,38.95688186,-95.27492461,59,,,,,,,,,,,,,,,,,,,,,,,,,,,,,,,,,,,,
555.3,0.4,0,38.9568819,-95.27492462,59,,,,,,,,,,,,,,,,,,,,,,,,,,,,,,,,,,,,
555.4,0.4,0,38.95688195,-95.27492463,59,,,,,,,,,,,,,,,,,,,,,,,,,,,,,,,,,,,,
555.5,0.4,0,38.95688198,-95.27492465,59,,,,,,,,,,,,,,,,,,,,,,,,,,,,,,,,,,,,
555.6,0.4,0,38.95688201,-95.27492463,58,,,,,,,,,,,,,,,,,,,,,,,,,,,,,,,,,,,,
555.7,0.4,0,38.95688203,-95.27492462,58,,,,,,,,,,,,,,,,,,,,,,,,,,,,,,,,,,,,
555.8,0.4,0,38.95688207,-95.2749246,58,,,,,,,,,,,,,,,,,,,,,,,,,,,,,,,,,,,,
555.9,0.4,0,38.9568821,-95.27492459,58,,,,,,,,,,,,,,,,,,,,,,,,,,,,,,,,,,,,
556,0.4,0,38.95688214,-95.27492461,58,,,,,,,,,,,,,,,,,,,,,,,,,,,,,,,,,,,,
556.1,0.4,0,38.95688216,-95.27492463,58,,,,,,,,,,,,,,,,,,,,,,,,,,,,,,,,,,,,
556.2,0.4,0,38.9568822,-95.27492464,58,,,,,,,,,,,,,,,,,,,,,,,,,,,,,,,,,,,,
556.3,0.4,0,38.95688224,-95.27492464,58,,,,,,,,,,,,,,,,,,,,,,,,,,,,,,,,,,,,
556.4,0.4,0,38.95688229,-95.27492464,58,,,,,,,,,,,,,,,,,,,,,,,,,,,,,,,,,,,,
556.5,0.4,0,38.95688233,-95.27492463,58,,,,,,,,,,,,,,,,,,,,,,,,,,,,,,,,,,,,
556.6,0.4,0,38.95688236,-95.27492461,58,,,,,,,,,,,,,,,,,,,,,,,,,,,,,,,,,,,,
556.7,0.4,0,38.95688237,-95.2749246,58,,,,,,,,,,,,,,,,,,,,,,,,,,,,,,,,,,,,
556.8,0.4,0,38.9568824,-95.27492461,58,,,,,,,,,,,,,,,,,,,,,,,,,,,,,,,,,,,,
556.9,0.4,0,38.95688243,-95.27492462,58,,,,,,,,,,,,,,,,,,,,,,,,,,,,,,,,,,,,
557,0.4,0,38.95688246,-95.27492465,58,,,,,,,,,,,,,,,,,,,,,,,,,,,,,,,,,,,,
557.1,0.4,0,38.95688248,-95.2749247,58,,,,,,,,,,,,,,,,,,,,,,,,,,,,,,,,,,,,
557.2,0.4,0,38.95688249,-95.27492475,58,,,,,,,,,,,,,,,,,,,,,,,,,,,,,,,,,,,,
557.3,0.4,0,38.9568825,-95.2749248,58,,,,,,,,,,,,,,,,,,,,,,,,,,,,,,,,,,,,
557.4,0.4,0,38.95688253,-95.27492487,58,,,,,,,,,,,,,,,,,,,,,,,,,,,,,,,,,,,,
557.5,0.4,0,38.95688256,-95.27492495,58,,,,,,,,,,,,,,,,,,,,,,,,,,,,,,,,,,,,
557.6,0.4,0,38.95688257,-95.27492499,58,,,,,,,,,,,,,,,,,,,,,,,,,,,,,,,,,,,,
557.7,0.4,0,38.95688256,-95.27492501,58,,,,,,,,,,,,,,,,,,,,,,,,,,,,,,,,,,,,
557.8,0.4,0,38.95688255,-95.27492502,58,,,,,,,,,,,,,,,,,,,,,,,,,,,,,,,,,,,,
557.9,0.4,0,38.95688253,-95.27492504,58,,,,,,,,,,,,,,,,,,,,,,,,,,,,,,,,,,,,
558,0.4,0,38.95688252,-95.27492506,58,,,,,,,,,,,,,,,,,,,,,,,,,,,,,,,,,,,,
558.1,0.4,0,38.95688249,-95.27492509,58,,,,,,,,,,,,,,,,,,,,,,,,,,,,,,,,,,,,
558.2,0.4,0,38.95688248,-95.2749251,58,,,,,,,,,,,,,,,,,,,,,,,,,,,,,,,,,,,,
558.3,0.4,0,38.95688247,-95.27492513,58,,,,,,,,,,,,,,,,,,,,,,,,,,,,,,,,,,,,
558.4,0.4,0,38.95688247,-95.27492514,58,,,,,,,,,,,,,,,,,,,,,,,,,,,,,,,,,,,,
558.5,0.4,0,38.95688246,-95.27492516,58,,,,,,,,,,,,,,,,,,,,,,,,,,,,,,,,,,,,
558.6,0.4,0,38.95688246,-95.27492519,58,,,,,,,,,,,,,,,,,,,,,,,,,,,,,,,,,,,,
558.7,0.4,0,38.95688244,-95.27492522,58,,,,,,,,,,,,,,,,,,,,,,,,,,,,,,,,,,,,
558.8,0.4,0,38.95688245,-95.27492526,58,,,,,,,,,,,,,,,,,,,,,,,,,,,,,,,,,,,,
558.9,0.4,0,38.95688245,-95.27492528,58,,,,,,,,,,,,,,,,,,,,,,,,,,,,,,,,,,,,
559,0.4,0,38.95688246,-95.2749253,58,,,,,,,,,,,,,,,,,,,,,,,,,,,,,,,,,,,,
559.1,0.4,0,38.95688246,-95.27492531,58,,,,,,,,,,,,,,,,,,,,,,,,,,,,,,,,,,,,
559.2,0.4,0,38.95688248,-95.27492532,58,,,,,,,,,,,,,,,,,,,,,,,,,,,,,,,,,,,,
559.3,0.4,0,38.95688249,-95.27492532,58,,,,,,,,,,,,,,,,,,,,,,,,,,,,,,,,,,,,
559.4,0.4,0,38.9568825,-95.27492533,58,,,,,,,,,,,,,,,,,,,,,,,,,,,,,,,,,,,,
559.5,0.4,0,38.95688249,-95.27492536,58,,,,,,,,,,,,,,,,,,,,,,,,,,,,,,,,,,,,
559.6,0.4,0,38.95688249,-95.27492538,58,,,,,,,,,,,,,,,,,,,,,,,,,,,,,,,,,,,,
559.7,0.4,0,38.95688248,-95.27492541,58,,,,,,,,,,,,,,,,,,,,,,,,,,,,,,,,,,,,
559.8,0.4,0,38.95688247,-95.27492542,58,,,,,,,,,,,,,,,,,,,,,,,,,,,,,,,,,,,,
559.9,0.4,0,38.95688245,-95.27492543,58,,,,,,,,,,,,,,,,,,,,,,,,,,,,,,,,,,,,
560,0.4,0,38.95688245,-95.27492543,58,,,,,,,,,,,,,,,,,,,,,,,,,,,,,,,,,,,,
560.1,0.4,0,38.95688243,-95.27492543,58,,,,,,,,,,,,,,,,,,,,,,,,,,,,,,,,,,,,
560.2,0.4,0,38.95688244,-95.2749254,58,,,,,,,,,,,,,,,,,,,,,,,,,,,,,,,,,,,,
560.3,0.4,0,38.95688243,-95.27492538,58,,,,,,,,,,,,,,,,,,,,,,,,,,,,,,,,,,,,
560.4,0.4,0,38.95688243,-95.27492533,58,,,,,,,,,,,,,,,,,,,,,,,,,,,,,,,,,,,,
560.5,0.4,0,38.95688242,-95.27492528,58,,,,,,,,,,,,,,,,,,,,,,,,,,,,,,,,,,,,
560.6,0.4,0,38.95688243,-95.2749252,58,,,,,,,,,,,,,,,,,,,,,,,,,,,,,,,,,,,,
560.7,0.4,0,38.95688243,-95.27492513,58,,,,,,,,,,,,,,,,,,,,,,,,,,,,,,,,,,,,
560.8,0.4,0,38.95688244,-95.27492506,58,,,,,,,,,,,,,,,,,,,,,,,,,,,,,,,,,,,,
560.9,0.4,0,38.95688244,-95.27492501,58,,,,,,,,,,,,,,,,,,,,,,,,,,,,,,,,,,,,
561,0.4,0,38.95688246,-95.27492495,58,,,,,,,,,,,,,,,,,,,,,,,,,,,,,,,,,,,,
561.1,0.4,0,38.95688245,-95.2749249,58,Obstacle Avoided. Revise Flight Route,,,,,,,,,,,,,,,,,,,,,,,,,,,,,,,,,,,
561.2,0.4,0,38.95688245,-95.27492485,58,,,,,,,,,,,,,,,,,,,,,,,,,,,,,,,,,,,,
561.3,0.4,0,38.95688243,-95.27492482,58,,,,,,,,,,,,,,,,,,,,,,,,,,,,,,,,,,,,
561.4,0.4,0,38.95688245,-95.2749248,58,,,,,,,,,,,,,,,,,,,,,,,,,,,,,,,,,,,,
561.5,0.4,0,38.95688246,-95.27492479,58,,,,,,,,,,,,,,,,,,,,,,,,,,,,,,,,,,,,
561.6,0.4,0,38.95688249,-95.27492481,58,,,,,,,,,,,,,,,,,,,,,,,,,,,,,,,,,,,,
561.7,0.4,0,38.95688249,-95.27492485,58,,,,,,,,,,,,,,,,,,,,,,,,,,,,,,,,,,,,
561.8,0.4,0,38.95688251,-95.27492487,58,,,,,,,,,,,,,,,,,,,,,,,,,,,,,,,,,,,,
561.9,0.4,0,38.95688252,-95.27492489,58,,,,,,,,,,,,,,,,,,,,,,,,,,,,,,,,,,,,
562,0.4,0,38.95688254,-95.27492489,58,,,,,,,,,,,,,,,,,,,,,,,,,,,,,,,,,,,,
562.1,0.4,0,38.95688254,-95.27492488,58,,,,,,,,,,,,,,,,,,,,,,,,,,,,,,,,,,,,
562.2,0.4,0,38.95688253,-95.27492486,58,,,,,,,,,,,,,,,,,,,,,,,,,,,,,,,,,,,,
562.3,0.4,0,38.9568825,-95.27492485,58,,,,,,,,,,,,,,,,,,,,,,,,,,,,,,,,,,,,
562.4,0.4,0,38.95688249,-95.2749248,58,,,,,,,,,,,,,,,,,,,,,,,,,,,,,,,,,,,,
562.5,0.4,0,38.95688247,-95.27492476,58,,,,,,,,,,,,,,,,,,,,,,,,,,,,,,,,,,,,
562.6,0.4,0,38.95688246,-95.27492472,58,,,,,,,,,,,,,,,,,,,,,,,,,,,,,,,,,,,,
562.7,0.4,0,38.95688244,-95.27492468,58,,,,,,,,,,,,,,,,,,,,,,,,,,,,,,,,,,,,
562.8,0.4,0,38.95688242,-95.27492462,58,,,,,,,,,,,,,,,,,,,,,,,,,,,,,,,,,,,,
562.9,0.4,0,38.95688239,-95.27492456,58,,,,,,,,,,,,,,,,,,,,,,,,,,,,,,,,,,,,
563,0.4,0,38.95688237,-95.27492449,58,,,,,,,,,,,,,,,,,,,,,,,,,,,,,,,,,,,,
563.1,0.4,0,38.95688235,-95.27492442,58,,,,,,,,,,,,,,,,,,,,,,,,,,,,,,,,,,,,
563.2,0.4,0,38.95688237,-95.27492433,58,,,,,,,,,,,,,,,,,,,,,,,,,,,,,,,,,,,,
563.3,0.4,0,38.95688238,-95.27492425,58,,,,,,,,,,,,,,,,,,,,,,,,,,,,,,,,,,,,
563.4,0.4,0,38.95688241,-95.27492417,58,,,,,,,,,,,,,,,,,,,,,,,,,,,,,,,,,,,,
563.5,0.4,0,38.95688241,-95.27492412,58,,,,,,,,,,,,,,,,,,,,,,,,,,,,,,,,,,,,
563.6,0.4,0,38.95688243,-95.27492409,58,,,,,,,,,,,,,,,,,,,,,,,,,,,,,,,,,,,,
563.7,0.4,0,38.95688244,-95.27492406,58,,,,,,,,,,,,,,,,,,,,,,,,,,,,,,,,,,,,
563.8,0.4,0,38.95688249,-95.27492402,58,,,,,,,,,,,,,,,,,,,,,,,,,,,,,,,,,,,,
563.9,0.4,0,38.95688251,-95.27492396,58,,,,,,,,,,,,,,,,,,,,,,,,,,,,,,,,,,,,
564,0.4,0.2,38.95688249,-95.2749239,58,,,,,,,,,,,,,,,,,,,,,,,,,,,,,,,,,,,,
564.1,0.4,0.4,38.95688235,-95.27492385,58,,,,,,,,,,,,,,,,,,,,,,,,,,,,,,,,,,,,
564.2,0.4,0.7,38.95688207,-95.27492379,58,,,,,,,,,,,,,,,,,,,,,,,,,,,,,,,,,,,,
564.3,0.4,1.1,38.95688161,-95.27492374,58,,,,,,,,,,,,,,,,,,,,,,,,,,,,,,,,,,,,
564.4,0.4,1.6,38.95688094,-95.27492369,58,,,,,,,,,,,,,,,,,,,,,,,,,,,,,,,,,,,,
564.5,0.4,2,38.9568801,-95.27492367,58,,,,,,,,,,,,,,,,,,,,,,,,,,,,,,,,,,,,
564.6,0.4,2,38.95687903,-95.2749236,58,,,,,,,,,,,,,,,,,,,,,,,,,,,,,,,,,,,,
564.7,0.4,2.9,38.95687778,-95.27492357,58,,,,,,,,,,,,,,,,,,,,,,,,,,,,,,,,,,,,
564.8,0.4,3.4,38.95687631,-95.27492344,58,,,,,,,,,,,,,,,,,,,,,,,,,,,,,,,,,,,,
564.9,0.4,3.8,38.95687466,-95.27492333,58,,,,,,,,,,,,,,,,,,,,,,,,,,,,,,,,,,,,
565,0.4,4.3,38.9568728,-95.27492303,58,,,,,,,,,,,,,,,,,,,,,,,,,,,,,,,,,,,,
565.1,0.5,4.7,38.95687077,-95.27492279,58,,,,,,,,,,,,,,,,,,,,,,,,,,,,,,,,,,,,
565.2,0.5,5.1,38.95686855,-95.27492235,58,,,,,,,,,,,,,,,,,,,,,,,,,,,,,,,,,,,,
565.3,0.5,5.6,38.95686616,-95.27492199,58,,,,,,,,,,,,,,,,,,,,,,,,,,,,,,,,,,,,
565.4,0.5,6,38.95686363,-95.27492142,58,,,,,,,,,,,,,,,,,,,,,,,,,,,,,,,,,,,,
565.5,0.5,6.3,38.95686096,-95.27492097,58,,,,,,,,,,,,,,,,,,,,,,,,,,,,,,,,,,,,
565.6,0.5,6.5,38.95685822,-95.27492032,58,,,,,,,,,,,,,,,,,,,,,,,,,,,,,,,,,,,,
565.7,0.5,6.7,38.95685544,-95.27491979,58,,,,,,,,,,,,,,,,,,,,,,,,,,,,,,,,,,,,
565.8,0.5,6.7,38.95685269,-95.2749191,58,,,,,,,,,,,,,,,,,,,,,,,,,,,,,,,,,,,,
565.9,0.5,6.5,38.95684995,-95.27491852,58,,,,,,,,,,,,,,,,,,,,,,,,,,,,,,,,,,,,
566,0.5,6.5,38.95684741,-95.27491778,58,,,,,,,,,,,,,,,,,,,,,,,,,,,,,,,,,,,,
566.1,0.5,5.6,38.95684514,-95.27491711,58,,,,,,,,,,,,,,,,,,,,,,,,,,,,,,,,,,,,
566.2,0.4,4.5,38.95684332,-95.27491633,58,,,,,,,,,,,,,,,,,,,,,,,,,,,,,,,,,,,,
566.3,0.4,3.4,38.95684182,-95.2749156,58,,,,,,,,,,,,,,,,,,,,,,,,,,,,,,,,,,,,
566.4,0.4,2.5,38.95684084,-95.27491491,58,,,,,,,,,,,,,,,,,,,,,,,,,,,,,,,,,,,,
566.5,0.4,1.8,38.95684008,-95.27491425,58,,,,,,,,,,,,,,,,,,,,,,,,,,,,,,,,,,,,
566.6,0.4,1.1,38.95683976,-95.2749138,58,,,,,,,,,,,,,,,,,,,,,,,,,,,,,,,,,,,,
566.7,0.4,0.7,38.95683955,-95.27491337,58,,,,,,,,,,,,,,,,,,,,,,,,,,,,,,,,,,,,
566.8,0.4,0.4,38.95683957,-95.27491327,58,,,,,,,,,,,,,,,,,,,,,,,,,,,,,,,,,,,,
566.9,0.4,0.4,38.95683956,-95.27491313,58,,,,,,,,,,,,,,,,,,,,,,,,,,,,,,,,,,,,
567,0.4,0.5,38.95683951,-95.27491328,58,,,,,,,,,,,,,,,,,,,,,,,,,,,,,,,,,,,,
567.1,0.5,0.6,38.95683937,-95.27491321,58,,,,,,,,,,,,,,,,,,,,,,,,,,,,,,,,,,,,
567.2,0.5,0.8,38.95683917,-95.27491326,58,,,,,,,,,,,,,,,,,,,,,,,,,,,,,,,,,,,,
567.3,0.5,1.2,38.95683894,-95.27491295,58,,,,,,,,,,,,,,,,,,,,,,,,,,,,,,,,,,,,
567.4,0.5,1.7,38.95683863,-95.27491254,58,,,,,,,,,,,,,,,,,,,,,,,,,,,,,,,,,,,,
567.5,0.5,2.1,38.95683832,-95.27491172,58,,,,,,,,,,,,,,,,,,,,,,,,,,,,,,,,,,,,
567.6,0.5,2.8,38.95683798,-95.27491075,58,,,,,,,,,,,,,,,,,,,,,,,,,,,,,,,,,,,,
567.7,0.4,3.2,38.95683766,-95.27490939,58,,,,,,,,,,,,,,,,,,,,,,,,,,,,,,,,,,,,
567.8,0.4,3.6,38.95683739,-95.27490784,58,,,,,,,,,,,,,,,,,,,,,,,,,,,,,,,,,,,,
567.9,0.4,4.3,38.95683713,-95.27490593,58,,,,,,,,,,,,,,,,,,,,,,,,,,,,,,,,,,,,
568,0.4,4.3,38.95683699,-95.27490373,58,,,,,,,,,,,,,,,,,,,,,,,,,,,,,,,,,,,,
568.1,0.4,5.2,38.95683684,-95.27490123,58,,,,,,,,,,,,,,,,,,,,,,,,,,,,,,,,,,,,
568.2,0.4,5.6,38.95683685,-95.27489849,58,,,,,,,,,,,,,,,,,,,,,,,,,,,,,,,,,,,,
568.3,0.4,5.8,38.9568368,-95.27489553,58,,,,,,,,,,,,,,,,,,,,,,,,,,,,,,,,,,,,
568.4,0.4,6.3,38.95683692,-95.27489239,58,,,,,,,,,,,,,,,,,,,,,,,,,,,,,,,,,,,,
568.5,0.4,6.5,38.95683697,-95.2748891,58,,,,,,,,,,,,,,,,,,,,,,,,,,,,,,,,,,,,
568.6,0.4,6.5,38.95683719,-95.27488567,58,,,,,,,,,,,,,,,,,,,,,,,,,,,,,,,,,,,,
568.7,0.5,6.5,38.95683734,-95.27488222,58,,,,,,,,,,,,,,,,,,,,,,,,,,,,,,,,,,,,
568.8,0.5,6.3,38.95683767,-95.27487885,58,,,,,,,,,,,,,,,,,,,,,,,,,,,,,,,,,,,,
568.9,0.5,5.6,38.95683794,-95.27487576,58,,,,,,,,,,,,,,,,,,,,,,,,,,,,,,,,,,,,
569,0.5,4.9,38.95683836,-95.2748731,58,,,,,,,,,,,,,,,,,,,,,,,,,,,,,,,,,,,,
569.1,0.5,4.3,38.95683874,-95.27487075,58,,,,,,,,,,,,,,,,,,,,,,,,,,,,,,,,,,,,
569.2,0.5,3.6,38.95683921,-95.27486896,58,,,,,,,,,,,,,,,,,,,,,,,,,,,,,,,,,,,,
569.3,0.5,3,38.95683961,-95.27486744,58,,,,,,,,,,,,,,,,,,,,,,,,,,,,,,,,,,,,
569.4,0.5,2.3,38.95683995,-95.27486643,58,,,,,,,,,,,,,,,,,,,,,,,,,,,,,,,,,,,,
569.5,0.5,1.6,38.95684022,-95.27486562,58,,,,,,,,,,,,,,,,,,,,,,,,,,,,,,,,,,,,
569.6,0.5,1.1,38.95684029,-95.27486524,58,,,,,,,,,,,,,,,,,,,,,,,,,,,,,,,,,,,,
569.7,0.5,0.7,38.95684032,-95.27486499,58,,,,,,,,,,,,,,,,,,,,,,,,,,,,,,,,,,,,
569.8,0.5,0.7,38.95684007,-95.27486496,58,,,,,,,,,,,,,,,,,,,,,,,,,,,,,,,,,,,,
569.9,0.5,0.2,38.95683984,-95.27486496,58,,,,,,,,,,,,,,,,,,,,,,,,,,,,,,,,,,,,
570,0.5,0.2,38.95683938,-95.27486498,58,,,,,,,,,,,,,,,,,,,,,,,,,,,,,,,,,,,,
570.1,0.5,0.2,38.95683902,-95.27486496,58,,,,,,,,,,,,,,,,,,,,,,,,,,,,,,,,,,,,
570.2,0.5,0,38.95683855,-95.27486481,58,,,,,,,,,,,,,,,,,,,,,,,,,,,,,,,,,,,,
570.3,0.5,0.2,38.95683827,-95.27486462,58,,,,,,,,,,,,,,,,,,,,,,,,,,,,,,,,,,,,
570.4,0.5,0.3,38.95683798,-95.27486431,58,,,,,,,,,,,,,,,,,,,,,,,,,,,,,,,,,,,,
570.5,0.5,0.5,38.95683792,-95.27486402,58,,,,,,,,,,,,,,,,,,,,,,,,,,,,,,,,,,,,
570.6,0.5,1,38.95683794,-95.2748636,58,,,,,,,,,,,,,,,,,,,,,,,,,,,,,,,,,,,,
570.7,0.5,1.4,38.95683821,-95.27486322,57,,,,,,,,,,,,,,,,,,,,,,,,,,,,,,,,,,,,
570.8,0.5,1.8,38.95683869,-95.27486279,57,,,,,,,,,,,,,,,,,,,,,,,,,,,,,,,,,,,,
570.9,0.5,2.3,38.95683945,-95.27486241,57,,,,,,,,,,,,,,,,,,,,,,,,,,,,,,,,,,,,
571,0.5,3,38.95684047,-95.27486206,57,,,,,,,,,,,,,,,,,,,,,,,,,,,,,,,,,,,,
571.1,0.5,3.2,38.9568417,-95.27486173,57,,,,,,,,,,,,,,,,,,,,,,,,,,,,,,,,,,,,
571.2,0.5,3.4,38.9568431,-95.27486153,57,,,,,,,,,,,,,,,,,,,,,,,,,,,,,,,,,,,,
571.3,0.5,3.6,38.95684458,-95.27486134,57,,,,,,,,,,,,,,,,,,,,,,,,,,,,,,,,,,,,
571.4,0.5,3.6,38.95684613,-95.27486129,57,,,,,,,,,,,,,,,,,,,,,,,,,,,,,,,,,,,,
571.5,0.5,3.6,38.95684757,-95.27486122,57,,,,,,,,,,,,,,,,,,,,,,,,,,,,,,,,,,,,
571.6,0.5,2.5,38.95684876,-95.27486131,57,,,,,,,,,,,,,,,,,,,,,,,,,,,,,,,,,,,,
571.7,0.5,2,38.95684971,-95.27486137,57,,,,,,,,,,,,,,,,,,,,,,,,,,,,,,,,,,,,
571.8,0.5,1.6,38.95685035,-95.27486158,57,,,,,,,,,,,,,,,,,,,,,,,,,,,,,,,,,,,,
571.9,0.5,1.1,38.95685078,-95.27486175,57,,,,,,,,,,,,,,,,,,,,,,,,,,,,,,,,,,,,
572,0.5,0.7,38.9568509,-95.27486194,57,,,,,,,,,,,,,,,,,,,,,,,,,,,,,,,,,,,,
572.1,0.5,0.5,38.95685095,-95.27486207,57,,,,,,,,,,,,,,,,,,,,,,,,,,,,,,,,,,,,
572.2,0.5,0.3,38.95685089,-95.27486211,57,,,,,,,,,,,,,,,,,,,,,,,,,,,,,,,,,,,,
572.3,0.5,0.3,38.95685086,-95.27486214,57,,,,,,,,,,,,,,,,,,,,,,,,,,,,,,,,,,,,
572.4,0.5,0.3,38.95685081,-95.27486205,57,,,,,,,,,,,,,,,,,,,,,,,,,,,,,,,,,,,,
572.5,0.5,0.2,38.95685079,-95.27486204,57,,,,,,,,,,,,,,,,,,,,,,,,,,,,,,,,,,,,
572.6,0.5,0.2,38.95685083,-95.27486204,57,,,,,,,,,,,,,,,,,,,,,,,,,,,,,,,,,,,,
572.7,0.5,0.2,38.95685091,-95.27486221,57,,,,,,,,,,,,,,,,,,,,,,,,,,,,,,,,,,,,
572.8,0.5,0.5,38.95685102,-95.27486243,57,,,,,,,,,,,,,,,,,,,,,,,,,,,,,,,,,,,,
572.9,0.5,0.9,38.95685113,-95.27486291,57,,,,,,,,,,,,,,,,,,,,,,,,,,,,,,,,,,,,
573,0.5,1.4,38.95685125,-95.2748636,57,,,,,,,,,,,,,,,,,,,,,,,,,,,,,,,,,,,,
573.1,0.5,1.6,38.95685138,-95.2748646,57,,,,,,,,,,,,,,,,,,,,,,,,,,,,,,,,,,,,
573.2,0.5,1.6,38.95685147,-95.27486586,57,,,,,,,,,,,,,,,,,,,,,,,,,,,,,,,,,,,,
573.3,0.5,2.7,38.95685158,-95.27486743,57,,,,,,,,,,,,,,,,,,,,,,,,,,,,,,,,,,,,
573.4,0.5,3.4,38.95685165,-95.27486932,57,,,,,,,,,,,,,,,,,,,,,,,,,,,,,,,,,,,,
573.5,0.5,3.9,38.95685177,-95.27487149,57,,,,,,,,,,,,,,,,,,,,,,,,,,,,,,,,,,,,
573.6,0.5,4.3,38.95685183,-95.27487395,57,,,,,,,,,,,,,,,,,,,,,,,,,,,,,,,,,,,,
573.7,0.5,5,38.95685193,-95.27487665,57,,,,,,,,,,,,,,,,,,,,,,,,,,,,,,,,,,,,
573.8,0.5,5.4,38.95685189,-95.27487961,57,,,,,,,,,,,,,,,,,,,,,,,,,,,,,,,,,,,,
573.9,0.5,5.6,38.95685189,-95.27488278,57,,,,,,,,,,,,,,,,,,,,,,,,,,,,,,,,,,,,
574,0.5,5.9,38.95685175,-95.27488606,57,,,,,,,,,,,,,,,,,,,,,,,,,,,,,,,,,,,,
574.1,0.5,5.9,38.95685166,-95.2748893,57,,,,,,,,,,,,,,,,,,,,,,,,,,,,,,,,,,,,
574.2,0.5,5,38.95685141,-95.27489216,57,,,,,,,,,,,,,,,,,,,,,,,,,,,,,,,,,,,,
574.3,0.5,4.1,38.95685123,-95.27489468,57,,,,,,,,,,,,,,,,,,,,,,,,,,,,,,,,,,,,
574.4,0.5,3.4,38.95685097,-95.27489665,57,,,,,,,,,,,,,,,,,,,,,,,,,,,,,,,,,,,,
574.5,0.5,3,38.95685076,-95.27489825,57,,,,,,,,,,,,,,,,,,,,,,,,,,,,,,,,,,,,
574.6,0.5,2.3,38.95685053,-95.27489929,57,,,,,,,,,,,,,,,,,,,,,,,,,,,,,,,,,,,,
574.7,0.5,1.6,38.95685031,-95.27490009,57,,,,,,,,,,,,,,,,,,,,,,,,,,,,,,,,,,,,
574.8,0.5,1.2,38.95685013,-95.27490046,57,,,,,,,,,,,,,,,,,,,,,,,,,,,,,,,,,,,,
574.9,0.5,1,38.95684993,-95.27490072,57,,,,,,,,,,,,,,,,,,,,,,,,,,,,,,,,,,,,
575,0.4,1,38.95684989,-95.27490075,57,,,,,,,,,,,,,,,,,,,,,,,,,,,,,,,,,,,,
575.1,0.4,0.6,38.9568498,-95.27490078,57,,,,,,,,,,,,,,,,,,,,,,,,,,,,,,,,,,,,
575.2,0.4,0.6,38.95684989,-95.2749007,57,,,,,,,,,,,,,,,,,,,,,,,,,,,,,,,,,,,,
575.3,0.4,0.3,38.95684989,-95.27490066,57,,,,,,,,,,,,,,,,,,,,,,,,,,,,,,,,,,,,
575.4,0.5,0.3,38.9568501,-95.27490065,57,,,,,,,,,,,,,,,,,,,,,,,,,,,,,,,,,,,,
575.5,0.5,0.3,38.9568502,-95.27490067,57,,,,,,,,,,,,,,,,,,,,,,,,,,,,,,,,,,,,
575.6,0.6,0,38.95685042,-95.27490071,57,,,,,,,,,,,,,,,,,,,,,,,,,,,,,,,,,,,,
575.7,0.7,0,38.95685053,-95.27490072,57,,,,,,,,,,,,,,,,,,,,,,,,,,,,,,,,,,,,
575.8,0.8,0,38.95685074,-95.27490076,57,,,,,,,,,,,,,,,,,,,,,,,,,,,,,,,,,,,,
575.9,0.9,0,38.95685086,-95.27490076,57,,,,,,,,,,,,,,,,,,,,,,,,,,,,,,,,,,,,
576,0.9,0,38.95685106,-95.2749008,57,,,,,,,,,,,,,,,,,,,,,,,,,,,,,,,,,,,,
576.1,1.1,0,38.95685119,-95.27490082,57,,,,,,,,,,,,,,,,,,,,,,,,,,,,,,,,,,,,
576.2,1.2,0,38.95685138,-95.27490089,57,,,,,,,,,,,,,,,,,,,,,,,,,,,,,,,,,,,,
576.3,1.2,0,38.9568515,-95.27490095,57,,,,,,,,,,,,,,,,,,,,,,,,,,,,,,,,,,,,
576.4,1.2,0,38.95685166,-95.27490103,57,,,,,,,,,,,,,,,,,,,,,,,,,,,,,,,,,,,,
576.5,1.2,0,38.95685175,-95.27490108,57,,,,,,,,,,,,,,,,,,,,,,,,,,,,,,,,,,,,
576.6,1.3,0,38.95685186,-95.27490117,57,,,,,,,,,,,,,,,,,,,,,,,,,,,,,,,,,,,,
576.7,1.3,0,38.95685191,-95.27490127,57,,,,,,,,,,,,,,,,,,,,,,,,,,,,,,,,,,,,
576.8,1.3,0,38.95685196,-95.27490138,57,,,,,,,,,,,,,,,,,,,,,,,,,,,,,,,,,,,,
576.9,1.4,0,38.95685199,-95.27490149,57,,,,,,,,,,,,,,,,,,,,,,,,,,,,,,,,,,,,
577,1.4,0,38.95685201,-95.2749016,57,,,,,,,,,,,,,,,,,,,,,,,,,,,,,,,,,,,,
577.1,1.5,0,38.95685202,-95.27490171,57,,,,,,,,,,,,,,,,,,,,,,,,,,,,,,,,,,,,
577.2,1.6,0,38.95685202,-95.27490183,57,,,,,,,,,,,,,,,,,,,,,,,,,,,,,,,,,,,,
577.3,1.6,0,38.95685201,-95.27490194,57,,,,,,,,,,,,,,,,,,,,,,,,,,,,,,,,,,,,
577.4,1.6,0,38.95685197,-95.27490206,57,,,,,,,,,,,,,,,,,,,,,,,,,,,,,,,,,,,,
577.5,1.7,0,38.95685193,-95.27490216,57,,,,,,,,,,,,,,,,,,,,,,,,,,,,,,,,,,,,
577.6,1.7,0,38.95685189,-95.27490221,57,,,,,,,,,,,,,,,,,,,,,,,,,,,,,,,,,,,,
577.7,1.6,0,38.95685186,-95.27490226,57,,,,,,,,,,,,,,,,,,,,,,,,,,,,,,,,,,,,
577.8,1.6,0,38.95685185,-95.27490228,57,,,,,,,,,,,,,,,,,,,,,,,,,,,,,,,,,,,,
577.9,1.6,0,38.95685185,-95.27490231,57,,,,,,,,,,,,,,,,,,,,,,,,,,,,,,,,,,,,
578,1.6,0,38.95685183,-95.27490235,57,,,,,,,,,,,,,,,,,,,,,,,,,,,,,,,,,,,,
578.1,1.6,0,38.95685182,-95.27490246,57,,,,,,,,,,,,,,,,,,,,,,,,,,,,,,,,,,,,
578.2,1.6,0,38.95685182,-95.27490262,57,,,,,,,,,,,,,,,,,,,,,,,,,,,,,,,,,,,,
578.3,1.6,0.4,38.95685183,-95.27490284,57,,,,,,,,,,,,,,,,,,,,,,,,,,,,,,,,,,,,
578.4,1.6,0.4,38.95685184,-95.27490313,57,,,,,,,,,,,,,,,,,,,,,,,,,,,,,,,,,,,,
578.5,1.6,0.7,38.95685185,-95.27490351,57,,,,,,,,,,,,,,,,,,,,,,,,,,,,,,,,,,,,
578.6,1.6,0.7,38.95685184,-95.274904,57,,,,,,,,,,,,,,,,,,,,,,,,,,,,,,,,,,,,
578.7,1.6,0.9,38.95685182,-95.27490459,57,,,,,,,,,,,,,,,,,,,,,,,,,,,,,,,,,,,,
578.8,1.6,1.3,38.95685177,-95.27490535,57,,,,,,,,,,,,,,,,,,,,,,,,,,,,,,,,,,,,
578.9,1.6,1.6,38.95685175,-95.27490623,57,,,,,,,,,,,,,,,,,,,,,,,,,,,,,,,,,,,,
579,1.6,1.8,38.95685167,-95.27490728,57,,,,,,,,,,,,,,,,,,,,,,,,,,,,,,,,,,,,
579.1,1.6,2,38.95685161,-95.27490845,57,,,,,,,,,,,,,,,,,,,,,,,,,,,,,,,,,,,,
579.2,1.6,2.2,38.95685151,-95.27490978,57,,,,,,,,,,,,,,,,,,,,,,,,,,,,,,,,,,,,
579.3,1.6,2.5,38.95685144,-95.27491123,57,,,,,,,,,,,,,,,,,,,,,,,,,,,,,,,,,,,,
579.4,1.6,2.7,38.95685131,-95.27491279,57,,,,,,,,,,,,,,,,,,,,,,,,,,,,,,,,,,,,
579.5,1.6,2.7,38.95685122,-95.27491445,57,,,,,,,,,,,,,,,,,,,,,,,,,,,,,,,,,,,,
579.6,1.7,3.1,38.95685105,-95.27491619,57,,,,,,,,,,,,,,,,,,,,,,,,,,,,,,,,,,,,
579.7,1.7,2.9,38.9568509,-95.27491791,57,,,,,,,,,,,,,,,,,,,,,,,,,,,,,,,,,,,,
579.8,1.6,2.5,38.95685065,-95.27491945,57,,,,,,,,,,,,,,,,,,,,,,,,,,,,,,,,,,,,
579.9,1.6,1.8,38.95685042,-95.2749207,57,,,,,,,,,,,,,,,,,,,,,,,,,,,,,,,,,,,,
580,1.6,1.3,38.95685014,-95.27492149,57,,,,,,,,,,,,,,,,,,,,,,,,,,,,,,,,,,,,
580.1,1.6,1.3,38.95684987,-95.27492209,57,,,,,,,,,,,,,,,,,,,,,,,,,,,,,,,,,,,,
580.2,1.6,1.3,38.95684954,-95.27492246,57,,,,,,,,,,,,,,,,,,,,,,,,,,,,,,,,,,,,
580.3,1.6,1.6,38.95684914,-95.27492283,57,,,,,,,,,,,,,,,,,,,,,,,,,,,,,,,,,,,,
580.4,1.7,1.5,38.95684866,-95.27492311,57,,,,,,,,,,,,,,,,,,,,,,,,,,,,,,,,,,,,
580.5,1.7,1.4,38.95684806,-95.27492344,57,,,,,,,,,,,,,,,,,,,,,,,,,,,,,,,,,,,,
580.6,1.7,1.4,38.95684736,-95.2749237,57,,,,,,,,,,,,,,,,,,,,,,,,,,,,,,,,,,,,
580.7,1.7,1.8,38.95684653,-95.274924,57,,,,,,,,,,,,,,,,,,,,,,,,,,,,,,,,,,,,
580.8,1.7,1.9,38.9568456,-95.27492421,57,,,,,,,,,,,,,,,,,,,,,,,,,,,,,,,,,,,,
580.9,1.7,2.3,38.95684452,-95.27492445,57,,,,,,,,,,,,,,,,,,,,,,,,,,,,,,,,,,,,
581,1.7,2.6,38.95684336,-95.27492459,57,,,,,,,,,,,,,,,,,,,,,,,,,,,,,,,,,,,,
581.1,1.7,2.8,38.95684205,-95.27492476,57,,,,,,,,,,,,,,,,,,,,,,,,,,,,,,,,,,,,
581.2,1.7,2.8,38.95684067,-95.27492483,57,,,,,,,,,,,,,,,,,,,,,,,,,,,,,,,,,,,,
581.3,1.7,3.4,38.95683913,-95.27492492,57,,,,,,,,,,,,,,,,,,,,,,,,,,,,,,,,,,,,
581.4,1.7,3.6,38.95683752,-95.2749249,57,,,,,,,,,,,,,,,,,,,,,,,,,,,,,,,,,,,,
581.5,1.7,4.1,38.95683574,-95.27492492,57,,,,,,,,,,,,,,,,,,,,,,,,,,,,,,,,,,,,
581.6,1.7,4.3,38.95683391,-95.2749248,57,,,,,,,,,,,,,,,,,,,,,,,,,,,,,,,,,,,,
581.7,1.7,4.3,38.956832,-95.27492473,57,,,,,,,,,,,,,,,,,,,,,,,,,,,,,,,,,,,,
581.8,1.7,4.3,38.95683017,-95.27492453,57,,,,,,,,,,,,,,,,,,,,,,,,,,,,,,,,,,,,
581.9,1.6,3.6,38.95682852,-95.27492435,57,,,,,,,,,,,,,,,,,,,,,,,,,,,,,,,,,,,,
582,1.6,2.7,38.95682726,-95.27492407,57,,,,,,,,,,,,,,,,,,,,,,,,,,,,,,,,,,,,
582.1,1.6,2.2,38.95682628,-95.2749238,57,,,,,,,,,,,,,,,,,,,,,,,,,,,,,,,,,,,,
582.2,1.6,1.8,38.95682564,-95.27492347,57,,,,,,,,,,,,,,,,,,,,,,,,,,,,,,,,,,,,
582.3,1.6,2,38.95682505,-95.27492312,57,,,,,,,,,,,,,,,,,,,,,,,,,,,,,,,,,,,,
582.4,1.6,2,38.95682465,-95.27492276,57,,,,,,,,,,,,,,,,,,,,,,,,,,,,,,,,,,,,
582.5,1.6,1.6,38.95682421,-95.2749223,57,,,,,,,,,,,,,,,,,,,,,,,,,,,,,,,,,,,,
582.6,1.6,1.6,38.95682387,-95.27492184,57,,,,,,,,,,,,,,,,,,,,,,,,,,,,,,,,,,,,
582.7,1.6,1.2,38.95682351,-95.27492122,57,,,,,,,,,,,,,,,,,,,,,,,,,,,,,,,,,,,,
582.8,1.6,1.2,38.95682326,-95.27492055,57,,,,,,,,,,,,,,,,,,,,,,,,,,,,,,,,,,,,
582.9,1.6,1.4,38.95682301,-95.27491966,57,,,,,,,,,,,,,,,,,,,,,,,,,,,,,,,,,,,,
583,1.6,1.8,38.95682286,-95.27491871,57,,,,,,,,,,,,,,,,,,,,,,,,,,,,,,,,,,,,
583.1,1.6,2.1,38.95682272,-95.27491753,57,,,,,,,,,,,,,,,,,,,,,,,,,,,,,,,,,,,,
583.2,1.6,2.5,38.95682266,-95.27491623,57,,,,,,,,,,,,,,,,,,,,,,,,,,,,,,,,,,,,
583.3,1.7,2.7,38.9568226,-95.27491466,57,,,,,,,,,,,,,,,,,,,,,,,,,,,,,,,,,,,,
583.4,1.7,3.1,38.95682266,-95.27491297,57,,,,,,,,,,,,,,,,,,,,,,,,,,,,,,,,,,,,
583.5,1.7,3.6,38.95682273,-95.27491104,57,,,,,,,,,,,,,,,,,,,,,,,,,,,,,,,,,,,,
583.6,1.7,3.8,38.95682294,-95.27490902,57,,,,,,,,,,,,,,,,,,,,,,,,,,,,,,,,,,,,
583.7,1.7,4.3,38.95682315,-95.27490677,57,,,,,,,,,,,,,,,,,,,,,,,,,,,,,,,,,,,,
583.8,1.7,4.5,38.95682347,-95.27490441,57,,,,,,,,,,,,,,,,,,,,,,,,,,,,,,,,,,,,
583.9,1.7,4.9,38.95682376,-95.27490183,57,,,,,,,,,,,,,,,,,,,,,,,,,,,,,,,,,,,,
584,1.7,5.1,38.95682415,-95.27489917,57,,,,,,,,,,,,,,,,,,,,,,,,,,,,,,,,,,,,
584.1,1.7,5.4,38.95682451,-95.27489633,57,,,,,,,,,,,,,,,,,,,,,,,,,,,,,,,,,,,,
584.2,1.7,5.6,38.95682499,-95.27489349,57,,,,,,,,,,,,,,,,,,,,,,,,,,,,,,,,,,,,
584.3,1.7,5.6,38.95682542,-95.27489058,57,,,,,,,,,,,,,,,,,,,,,,,,,,,,,,,,,,,,
584.4,1.7,5.6,38.95682593,-95.27488775,57,,,,,,,,,,,,,,,,,,,,,,,,,,,,,,,,,,,,
584.5,1.7,5.6,38.9568264,-95.27488488,57,,,,,,,,,,,,,,,,,,,,,,,,,,,,,,,,,,,,
584.6,1.7,5.6,38.95682696,-95.27488211,57,,,,,,,,,,,,,,,,,,,,,,,,,,,,,,,,,,,,
584.7,1.7,5.4,38.95682749,-95.27487934,57,,,,,,,,,,,,,,,,,,,,,,,,,,,,,,,,,,,,
584.8,1.7,4.7,38.95682812,-95.27487691,56,,,,,,,,,,,,,,,,,,,,,,,,,,,,,,,,,,,,
584.9,1.7,4,38.95682873,-95.27487476,56,,,,,,,,,,,,,,,,,,,,,,,,,,,,,,,,,,,,
585,1.7,3.4,38.95682934,-95.27487307,56,,,,,,,,,,,,,,,,,,,,,,,,,,,,,,,,,,,,
585.1,1.7,2.6,38.95682991,-95.27487169,56,,,,,,,,,,,,,,,,,,,,,,,,,,,,,,,,,,,,
585.2,1.7,2.1,38.95683038,-95.27487076,56,,,,,,,,,,,,,,,,,,,,,,,,,,,,,,,,,,,,
585.3,1.7,2.4,38.95683095,-95.27486989,56,,,,,,,,,,,,,,,,,,,,,,,,,,,,,,,,,,,,
585.4,1.7,2.7,38.9568316,-95.2748692,56,,,,,,,,,,,,,,,,,,,,,,,,,,,,,,,,,,,,
585.5,1.7,3.1,38.95683254,-95.27486849,56,,,,,,,,,,,,,,,,,,,,,,,,,,,,,,,,,,,,
585.6,1.7,3.9,38.95683375,-95.27486785,56,,,,,,,,,,,,,,,,,,,,,,,,,,,,,,,,,,,,
585.7,1.7,4.7,38.95683536,-95.27486717,56,,,,,,,,,,,,,,,,,,,,,,,,,,,,,,,,,,,,
585.8,1.7,5.5,38.95683725,-95.27486661,56,,,,,,,,,,,,,,,,,,,,,,,,,,,,,,,,,,,,
585.9,1.7,6.2,38.95683951,-95.27486604,56,,,,,,,,,,,,,,,,,,,,,,,,,,,,,,,,,,,,
586,1.6,6.8,38.95684203,-95.27486564,56,,,,,,,,,,,,,,,,,,,,,,,,,,,,,,,,,,,,
586.1,1.7,7.2,38.95684482,-95.27486527,56,,,,,,,,,,,,,,,,,,,,,,,,,,,,,,,,,,,,
586.2,1.7,7.2,38.9568477,-95.2748651,56,,,,,,,,,,,,,,,,,,,,,,,,,,,,,,,,,,,,
586.3,1.7,7.6,38.9568507,-95.27486493,56,,,,,,,,,,,,,,,,,,,,,,,,,,,,,,,,,,,,
586.4,1.7,7.6,38.9568536,-95.27486506,56,,,,,,,,,,,,,,,,,,,,,,,,,,,,,,,,,,,,
586.5,1.7,6.9,38.95685648,-95.27486517,56,,,,,,,,,,,,,,,,,,,,,,,,,,,,,,,,,,,,
586.6,1.7,6.3,38.95685891,-95.27486546,56,,,,,,,,,,,,,,,,,,,,,,,,,,,,,,,,,,,,
586.7,1.7,5.6,38.95686113,-95.27486567,56,,,,,,,,,,,,,,,,,,,,,,,,,,,,,,,,,,,,
586.8,1.7,4.9,38.95686288,-95.274866,56,,,,,,,,,,,,,,,,,,,,,,,,,,,,,,,,,,,,
586.9,1.7,4.3,38.95686447,-95.27486632,56,,,,,,,,,,,,,,,,,,,,,,,,,,,,,,,,,,,,
587,1.7,4.1,38.95686571,-95.27486685,56,,,,,,,,,,,,,,,,,,,,,,,,,,,,,,,,,,,,
587.1,1.7,4,38.95686695,-95.27486765,56,,,,,,,,,,,,,,,,,,,,,,,,,,,,,,,,,,,,
587.2,1.7,4.2,38.95686792,-95.27486881,56,,,,,,,,,,,,,,,,,,,,,,,,,,,,,,,,,,,,
587.3,1.7,4.4,38.95686891,-95.27487038,56,,,,,,,,,,,,,,,,,,,,,,,,,,,,,,,,,,,,
587.4,1.7,4.8,38.9568697,-95.27487229,56,,,,,,,,,,,,,,,,,,,,,,,,,,,,,,,,,,,,
587.5,1.7,5.6,38.95687054,-95.27487459,56,,,,,,,,,,,,,,,,,,,,,,,,,,,,,,,,,,,,
587.6,1.7,6.1,38.95687121,-95.27487722,56,,,,,,,,,,,,,,,,,,,,,,,,,,,,,,,,,,,,
587.7,1.7,6.4,38.95687194,-95.27488022,56,,,,,,,,,,,,,,,,,,,,,,,,,,,,,,,,,,,,
587.8,1.7,6.1,38.95687242,-95.27488318,56,,,,,,,,,,,,,,,,,,,,,,,,,,,,,,,,,,,,
587.9,1.7,5.4,38.95687286,-95.27488592,56,,,,,,,,,,,,,,,,,,,,,,,,,,,,,,,,,,,,
588,1.7,4.7,38.95687311,-95.27488811,56,,,,,,,,,,,,,,,,,,,,,,,,,,,,,,,,,,,,
588.1,1.7,4,38.95687338,-95.27489002,56,,,,,,,,,,,,,,,,,,,,,,,,,,,,,,,,,,,,
588.2,1.7,4,38.9568735,-95.27489123,56,,,,,,,,,,,,,,,,,,,,,,,,,,,,,,,,,,,,
588.3,1.7,2.6,38.95687361,-95.27489224,56,,,,,,,,,,,,,,,,,,,,,,,,,,,,,,,,,,,,
588.4,1.6,2.3,38.95687372,-95.2748928,56,,,,,,,,,,,,,,,,,,,,,,,,,,,,,,,,,,,,
588.5,1.6,2.1,38.95687387,-95.27489344,56,,,,,,,,,,,,,,,,,,,,,,,,,,,,,,,,,,,,
588.6,1.6,1.8,38.95687409,-95.27489382,56,,,,,,,,,,,,,,,,,,,,,,,,,,,,,,,,,,,,
588.7,1.6,1.8,38.95687432,-95.27489438,56,,,,,,,,,,,,,,,,,,,,,,,,,,,,,,,,,,,,
588.8,1.6,1.8,38.95687466,-95.27489481,56,,,,,,,,,,,,,,,,,,,,,,,,,,,,,,,,,,,,
588.9,1.6,1.6,38.95687497,-95.2748954,56,,,,,,,,,,,,,,,,,,,,,,,,,,,,,,,,,,,,
589,1.6,1.6,38.95687538,-95.27489596,56,,,,,,,,,,,,,,,,,,,,,,,,,,,,,,,,,,,,
589.1,1.6,1.8,38.95687574,-95.27489665,56,,,,,,,,,,,,,,,,,,,,,,,,,,,,,,,,,,,,
589.2,1.6,1.8,38.95687621,-95.27489739,56,,,,,,,,,,,,,,,,,,,,,,,,,,,,,,,,,,,,
589.3,1.6,1.8,38.9568766,-95.27489825,56,,,,,,,,,,,,,,,,,,,,,,,,,,,,,,,,,,,,
589.4,1.6,1.6,38.95687709,-95.27489911,56,,,,,,,,,,,,,,,,,,,,,,,,,,,,,,,,,,,,
589.5,1.6,1.4,38.95687749,-95.2748999,56,,,,,,,,,,,,,,,,,,,,,,,,,,,,,,,,,,,,
589.6,1.5,1.2,38.95687793,-95.27490057,56,,,,,,,,,,,,,,,,,,,,,,,,,,,,,,,,,,,,
589.7,1.4,0.7,38.95687827,-95.27490105,56,,,,,,,,,,,,,,,,,,,,,,,,,,,,,,,,,,,,
589.8,1.3,0.3,38.9568786,-95.27490125,56,,,,,,,,,,,,,,,,,,,,,,,,,,,,,,,,,,,,
589.9,1.2,0.2,38.95687883,-95.27490127,56,,,,,,,,,,,,,,,,,,,,,,,,,,,,,,,,,,,,
590,1.1,0.2,38.9568791,-95.27490112,56,,,,,,,,,,,,,,,,,,,,,,,,,,,,,,,,,,,,
590.1,1,0.7,38.95687932,-95.27490093,56,,,,,,,,,,,,,,,,,,,,,,,,,,,,,,,,,,,,
590.2,1,0.7,38.95687962,-95.27490067,56,,,,,,,,,,,,,,,,,,,,,,,,,,,,,,,,,,,,
590.3,0.9,0.8,38.95687986,-95.27490042,56,,,,,,,,,,,,,,,,,,,,,,,,,,,,,,,,,,,,
590.4,0.9,0.8,38.95688018,-95.27490018,56,,,,,,,,,,,,,,,,,,,,,,,,,,,,,,,,,,,,
590.5,0.8,0.7,38.95688045,-95.2749,56,,,,,,,,,,,,,,,,,,,,,,,,,,,,,,,,,,,,
590.6,0.8,0.5,38.95688077,-95.27489988,56,,,,,,,,,,,,,,,,,,,,,,,,,,,,,,,,,,,,
590.7,0.7,0.4,38.95688103,-95.27489983,56,,,,,,,,,,,,,,,,,,,,,,,,,,,,,,,,,,,,
590.8,0.7,0.4,38.95688131,-95.27489989,56,,,,,,,,,,,,,,,,,,,,,,,,,,,,,,,,,,,,
590.9,0.6,0.4,38.95688153,-95.27490004,56,,,,,,,,,,,,,,,,,,,,,,,,,,,,,,,,,,,,
591,0.6,0.5,38.95688176,-95.27490033,56,,,,,,,,,,,,,,,,,,,,,,,,,,,,,,,,,,,,
591.1,0.5,0.5,38.95688195,-95.27490071,56,,,,,,,,,,,,,,,,,,,,,,,,,,,,,,,,,,,,
591.2,0.5,0.7,38.95688213,-95.27490122,56,,,,,,,,,,,,,,,,,,,,,,,,,,,,,,,,,,,,
591.3,0.5,1.1,38.95688227,-95.27490186,56,,,,,,,,,,,,,,,,,,,,,,,,,,,,,,,,,,,,
591.4,0.5,1.4,38.95688233,-95.27490274,56,,,,,,,,,,,,,,,,,,,,,,,,,,,,,,,,,,,,
591.5,0.5,1.8,38.95688236,-95.27490383,56,,,,,,,,,,,,,,,,,,,,,,,,,,,,,,,,,,,,
591.6,0.6,2.2,38.95688229,-95.27490519,56,,,,,,,,,,,,,,,,,,,,,,,,,,,,,,,,,,,,
591.7,0.6,2.7,38.95688221,-95.27490677,56,,,,,,,,,,,,,,,,,,,,,,,,,,,,,,,,,,,,
591.8,0.6,3.1,38.95688207,-95.27490864,56,,,,,,,,,,,,,,,,,,,,,,,,,,,,,,,,,,,,
591.9,0.6,3.1,38.95688195,-95.27491075,56,,,,,,,,,,,,,,,,,,,,,,,,,,,,,,,,,,,,
592,0.5,4.3,38.95688172,-95.27491314,56,,,,,,,,,,,,,,,,,,,,,,,,,,,,,,,,,,,,
592.1,0.5,4,38.9568815,-95.27491553,56,,,,,,,,,,,,,,,,,,,,,,,,,,,,,,,,,,,,
592.2,0.5,3.6,38.95688118,-95.27491769,56,,,,,,,,,,,,,,,,,,,,,,,,,,,,,,,,,,,,
592.3,0.5,3.1,38.95688091,-95.27491949,56,,,,,,,,,,,,,,,,,,,,,,,,,,,,,,,,,,,,
592.4,0.5,2.5,38.95688057,-95.27492081,56,,,,,,,,,,,,,,,,,,,,,,,,,,,,,,,,,,,,
592.5,0.5,2.2,38.95688028,-95.27492188,56,,,,,,,,,,,,,,,,,,,,,,,,,,,,,,,,,,,,
592.6,0.5,1.6,38.95687997,-95.27492256,56,,,,,,,,,,,,,,,,,,,,,,,,,,,,,,,,,,,,
592.7,0.5,1.1,38.95687971,-95.27492313,56,,,,,,,,,,,,,,,,,,,,,,,,,,,,,,,,,,,,
592.8,0.5,0.9,38.9568795,-95.2749235,56,,,,,,,,,,,,,,,,,,,,,,,,,,,,,,,,,,,,
592.9,0.5,0.7,38.95687933,-95.27492379,56,,,,,,,,,,,,,,,,,,,,,,,,,,,,,,,,,,,,
593,0.5,0.4,38.95687927,-95.27492386,56,,,,,,,,,,,,,,,,,,,,,,,,,,,,,,,,,,,,
593.1,0.5,0.2,38.95687921,-95.27492385,56,,,,,,,,,,,,,,,,,,,,,,,,,,,,,,,,,,,,
593.2,0.5,0.2,38.95687924,-95.27492373,56,,,,,,,,,,,,,,,,,,,,,,,,,,,,,,,,,,,,
593.3,0.5,0.2,38.95687923,-95.27492359,56,,,,,,,,,,,,,,,,,,,,,,,,,,,,,,,,,,,,
593.4,0.4,0,38.95687931,-95.27492342,56,,,,,,,,,,,,,,,,,,,,,,,,,,,,,,,,,,,,
593.5,0.4,0,38.95687934,-95.27492324,56,,,,,,,,,,,,,,,,,,,,,,,,,,,,,,,,,,,,
593.6,0.4,0,38.95687948,-95.27492309,56,,,,,,,,,,,,,,,,,,,,,,,,,,,,,,,,,,,,
593.7,0.3,0,38.95687957,-95.27492295,56,,,,,,,,,,,,,,,,,,,,,,,,,,,,,,,,,,,,
593.8,0.3,0,38.95687974,-95.27492287,56,,,,,,,,,,,,,,,,,,,,,,,,,,,,,,,,,,,,
593.9,0.3,0,38.95687983,-95.2749228,56,,,,,,,,,,,,,,,,,,,,,,,,,,,,,,,,,,,,
594,0.3,0,38.95687999,-95.27492286,56,,,,,,,,,,,,,,,,,,,,,,,,,,,,,,,,,,,,
594.1,0.3,0,38.95688008,-95.27492292,56,,,,,,,,,,,,,,,,,,,,,,,,,,,,,,,,,,,,
594.2,0.3,0,38.95688023,-95.27492308,56,,,,,,,,,,,,,,,,,,,,,,,,,,,,,,,,,,,,
594.3,0.3,0,38.95688033,-95.27492322,56,,,,,,,,,,,,,,,,,,,,,,,,,,,,,,,,,,,,
594.4,0.3,0,38.95688043,-95.27492343,56,,,,,,,,,,,,,,,,,,,,,,,,,,,,,,,,,,,,
594.5,0.3,0.2,38.9568805,-95.27492366,56,,,,,,,,,,,,,,,,,,,,,,,,,,,,,,,,,,,,
594.6,0.3,0.2,38.95688057,-95.27492396,56,,,,,,,,,,,,,,,,,,,,,,,,,,,,,,,,,,,,
594.7,0.3,0.4,38.95688062,-95.27492429,56,,,,,,,,,,,,,,,,,,,,,,,,,,,,,,,,,,,,
594.8,0.3,0.4,38.95688064,-95.27492473,56,,,,,,,,,,,,,,,,,,,,,,,,,,,,,,,,,,,,
594.9,0.3,0.4,38.95688064,-95.27492517,56,,,,,,,,,,,,,,,,,,,,,,,,,,,,,,,,,,,,
595,0.3,0.4,38.9568806,-95.27492561,56,,,,,,,,,,,,,,,,,,,,,,,,,,,,,,,,,,,,
595.1,0.3,0.4,38.95688056,-95.27492595,56,,,,,,,,,,,,,,,,,,,,,,,,,,,,,,,,,,,,
595.2,0.3,0.2,38.95688048,-95.2749262,56,,,,,,,,,,,,,,,,,,,,,,,,,,,,,,,,,,,,
595.3,0.3,0,38.95688041,-95.27492636,56,,,,,,,,,,,,,,,,,,,,,,,,,,,,,,,,,,,,
595.4,0.3,0,38.95688031,-95.2749264,56,,,,,,,,,,,,,,,,,,,,,,,,,,,,,,,,,,,,
595.5,0.3,0,38.95688022,-95.27492638,56,,,,,,,,,,,,,,,,,,,,,,,,,,,,,,,,,,,,
595.6,0.3,0,38.95688013,-95.27492631,56,,,,,,,,,,,,,,,,,,,,,,,,,,,,,,,,,,,,
595.7,0.3,0,38.95688006,-95.27492624,56,,,,,,,,,,,,,,,,,,,,,,,,,,,,,,,,,,,,
595.8,0.3,0,38.95688001,-95.27492612,56,,,,,,,,,,,,,,,,,,,,,,,,,,,,,,,,,,,,
595.9,0.3,0.2,38.95687996,-95.274926,56,,,,,,,,,,,,,,,,,,,,,,,,,,,,,,,,,,,,
596,0.3,0.2,38.95687996,-95.27492586,56,,,,,,,,,,,,,,,,,,,,,,,,,,,,,,,,,,,,
596.1,0.3,0.2,38.95687995,-95.27492572,56,,,,,,,,,,,,,,,,,,,,,,,,,,,,,,,,,,,,
596.2,0.3,0.2,38.95687998,-95.27492559,56,,,,,,,,,,,,,,,,,,,,,,,,,,,,,,,,,,,,
596.3,0.3,0,38.95687999,-95.27492549,56,,,,,,,,,,,,,,,,,,,,,,,,,,,,,,,,,,,,
596.4,0.3,0,38.95688001,-95.27492543,56,,,,,,,,,,,,,,,,,,,,,,,,,,,,,,,,,,,,
596.5,0.3,0,38.95688003,-95.27492541,56,,,,,,,,,,,,,,,,,,,,,,,,,,,,,,,,,,,,
596.6,0.2,0,38.95688009,-95.27492543,56,,,,,,,,,,,,,,,,,,,,,,,,,,,,,,,,,,,,
596.7,0.2,0,38.95688014,-95.27492545,56,,,,,,,,,,,,,,,,,,,,,,,,,,,,,,,,,,,,
596.8,0.3,0,38.9568802,-95.2749255,56,,,,,,,,,,,,,,,,,,,,,,,,,,,,,,,,,,,,
596.9,0.3,0,38.95688023,-95.27492554,56,,,,,,,,,,,,,,,,,,,,,,,,,,,,,,,,,,,,
597,0.3,0,38.95688026,-95.2749256,56,,,,,,,,,,,,,,,,,,,,,,,,,,,,,,,,,,,,
597.1,0.3,0,38.95688027,-95.27492565,56,,,,,,,,,,,,,,,,,,,,,,,,,,,,,,,,,,,,
597.2,0.3,0,38.95688025,-95.27492571,56,,,,,,,,,,,,,,,,,,,,,,,,,,,,,,,,,,,,
597.3,0.3,0,38.95688023,-95.27492575,56,,,,,,,,,,,,,,,,,,,,,,,,,,,,,,,,,,,,
597.4,0.3,0,38.9568802,-95.27492578,56,,,,,,,,,,,,,,,,,,,,,,,,,,,,,,,,,,,,
597.5,0.3,0,38.95688019,-95.2749258,56,,,,,,,,,,,,,,,,,,,,,,,,,,,,,,,,,,,,
597.6,0.3,0,38.9568802,-95.27492583,56,,,,,,,,,,,,,,,,,,,,,,,,,,,,,,,,,,,,
597.7,0.3,0,38.95688022,-95.27492586,56,Obstacle Avoided. Revise Flight Route,,,,,,,,,,,,,,,,,,,,,,,,,,,,,,,,,,,
597.8,0.3,0,38.95688026,-95.27492592,56,,,,,,,,,,,,,,,,,,,,,,,,,,,,,,,,,,,,
597.9,0.3,0,38.95688028,-95.27492598,55,,,,,,,,,,,,,,,,,,,,,,,,,,,,,,,,,,,,
598,0.3,0,38.9568803,-95.27492601,55,,,,,,,,,,,,,,,,,,,,,,,,,,,,,,,,,,,,
598.1,0.3,0,38.95688031,-95.27492603,55,,,,,,,,,,,,,,,,,,,,,,,,,,,,,,,,,,,,
598.2,0.3,0,38.95688034,-95.27492604,55,,,,,,,,,,,,,,,,,,,,,,,,,,,,,,,,,,,,
598.3,0.3,0,38.95688037,-95.27492604,55,,,,,,,,,,,,,,,,,,,,,,,,,,,,,,,,,,,,
598.4,0.3,0,38.95688039,-95.27492602,55,,,,,,,,,,,,,,,,,,,,,,,,,,,,,,,,,,,,
598.5,0.3,0,38.9568804,-95.27492601,55,,,,,,,,,,,,,,,,,,,,,,,,,,,,,,,,,,,,
598.6,0.3,0,38.95688043,-95.274926,55,,,,,,,,,,,,,,,,,,,,,,,,,,,,,,,,,,,,
598.7,0.3,0,38.95688047,-95.27492601,55,,,,,,,,,,,,,,,,,,,,,,,,,,,,,,,,,,,,
598.8,0.3,0,38.95688053,-95.27492602,55,,,,,,,,,,,,,,,,,,,,,,,,,,,,,,,,,,,,
598.9,0.3,0,38.95688059,-95.27492604,55,,,,,,,,,,,,,,,,,,,,,,,,,,,,,,,,,,,,
599,0.3,0,38.95688063,-95.27492609,55,,,,,,,,,,,,,,,,,,,,,,,,,,,,,,,,,,,,
599.1,0.3,0,38.95688066,-95.27492616,55,,,,,,,,,,,,,,,,,,,,,,,,,,,,,,,,,,,,
599.2,0.3,0,38.9568807,-95.27492625,55,,,,,,,,,,,,,,,,,,,,,,,,,,,,,,,,,,,,
599.3,0.3,0,38.95688075,-95.27492632,55,,,,,,,,,,,,,,,,,,,,,,,,,,,,,,,,,,,,
599.4,0.2,0.2,38.95688095,-95.27492636,55,,,,,,,,,,,,,,,,,,,,,,,,,,,,,,,,,,,,
599.5,0.2,0.9,38.95688132,-95.27492636,55,,,,,,,,,,,,,,,,,,,,,,,,,,,,,,,,,,,,
599.6,0.2,1.3,38.95688189,-95.27492635,55,,,,,,,,,,,,,,,,,,,,,,,,,,,,,,,,,,,,
599.7,0.2,1.6,38.95688255,-95.27492633,55,,,,,,,,,,,,,,,,,,,,,,,,,,,,,,,,,,,,
599.8,0.2,1.8,38.95688336,-95.27492635,55,,,,,,,,,,,,,,,,,,,,,,,,,,,,,,,,,,,,
599.9,0.2,1.8,38.95688422,-95.27492634,55,,,,,,,,,,,,,,,,,,,,,,,,,,,,,,,,,,,,
600,0.2,1.8,38.95688515,-95.27492639,55,,,,,,,,,,,,,,,,,,,,,,,,,,,,,,,,,,,,
600.1,0.3,2,38.95688611,-95.27492641,55,,,,,,,,,,,,,,,,,,,,,,,,,,,,,,,,,,,,
600.2,0.3,2,38.95688713,-95.2749265,55,,,,,,,,,,,,,,,,,,,,,,,,,,,,,,,,,,,,
600.3,0.3,2.2,38.95688815,-95.27492655,55,,,,,,,,,,,,,,,,,,,,,,,,,,,,,,,,,,,,
600.4,0.3,2,38.95688912,-95.27492667,55,,,,,,,,,,,,,,,,,,,,,,,,,,,,,,,,,,,,
600.5,0.3,1.6,38.95688993,-95.27492676,55,,,,,,,,,,,,,,,,,,,,,,,,,,,,,,,,,,,,
600.6,0.3,1.1,38.95689051,-95.27492693,55,,,,,,,,,,,,,,,,,,,,,,,,,,,,,,,,,,,,
600.7,0.3,1.1,38.95689099,-95.27492704,55,,,,,,,,,,,,,,,,,,,,,,,,,,,,,,,,,,,,
600.8,0.3,0.9,38.95689136,-95.27492713,55,,,,,,,,,,,,,,,,,,,,,,,,,,,,,,,,,,,,
600.9,0.3,1.2,38.95689176,-95.27492712,55,,,,,,,,,,,,,,,,,,,,,,,,,,,,,,,,,,,,
601,0.3,1.7,38.95689227,-95.27492699,55,,,,,,,,,,,,,,,,,,,,,,,,,,,,,,,,,,,,
601.1,0.3,2.2,38.956893,-95.27492671,55,,,,,,,,,,,,,,,,,,,,,,,,,,,,,,,,,,,,
601.2,0.3,2.7,38.95689402,-95.27492621,55,,,,,,,,,,,,,,,,,,,,,,,,,,,,,,,,,,,,
601.3,0.3,3.3,38.95689527,-95.27492552,55,,,,,,,,,,,,,,,,,,,,,,,,,,,,,,,,,,,,
601.4,0.3,3.5,38.95689671,-95.27492457,55,,,,,,,,,,,,,,,,,,,,,,,,,,,,,,,,,,,,
601.5,0.3,3.7,38.95689817,-95.27492348,55,,,,,,,,,,,,,,,,,,,,,,,,,,,,,,,,,,,,
601.6,0.3,3.5,38.95689965,-95.27492239,55,,,,,,,,,,,,,,,,,,,,,,,,,,,,,,,,,,,,
601.7,0.3,2.9,38.95690091,-95.27492148,55,,,,,,,,,,,,,,,,,,,,,,,,,,,,,,,,,,,,
601.8,0.3,2.9,38.95690201,-95.27492075,55,,,,,,,,,,,,,,,,,,,,,,,,,,,,,,,,,,,,
601.9,0.3,1.7,38.95690287,-95.27492022,55,,,,,,,,,,,,,,,,,,,,,,,,,,,,,,,,,,,,
602,0.3,1.6,38.9569036,-95.27491985,55,,,,,,,,,,,,,,,,,,,,,,,,,,,,,,,,,,,,
602.1,0.3,1.6,38.95690422,-95.27491947,55,,,,,,,,,,,,,,,,,,,,,,,,,,,,,,,,,,,,
602.2,0.3,1.4,38.95690471,-95.27491905,55,,,,,,,,,,,,,,,,,,,,,,,,,,,,,,,,,,,,
602.3,0.3,1.5,38.95690514,-95.27491858,55,,,,,,,,,,,,,,,,,,,,,,,,,,,,,,,,,,,,
602.4,0.3,1.3,38.95690552,-95.27491807,55,,,,,,,,,,,,,,,,,,,,,,,,,,,,,,,,,,,,
602.5,0.3,1.2,38.95690587,-95.27491763,55,,,,,,,,,,,,,,,,,,,,,,,,,,,,,,,,,,,,
602.6,0.3,1,38.95690615,-95.2749172,55,,,,,,,,,,,,,,,,,,,,,,,,,,,,,,,,,,,,
602.7,0.3,1.2,38.95690639,-95.27491674,55,,,,,,,,,,,,,,,,,,,,,,,,,,,,,,,,,,,,
602.8,0.3,1.1,38.9569066,-95.27491611,55,,,,,,,,,,,,,,,,,,,,,,,,,,,,,,,,,,,,
602.9,0.3,1.4,38.95690679,-95.2749154,55,,,,,,,,,,,,,,,,,,,,,,,,,,,,,,,,,,,,
603,0.3,1.6,38.95690694,-95.27491445,55,,,,,,,,,,,,,,,,,,,,,,,,,,,,,,,,,,,,
603.1,0.3,1.6,38.95690708,-95.27491351,55,,,,,,,,,,,,,,,,,,,,,,,,,,,,,,,,,,,,
603.2,0.3,1.6,38.95690723,-95.2749125,55,,,,,,,,,,,,,,,,,,,,,,,,,,,,,,,,,,,,
603.3,0.3,1.3,38.95690733,-95.27491163,55,,,,,,,,,,,,,,,,,,,,,,,,,,,,,,,,,,,,
603.4,0.3,1.4,38.95690728,-95.27491079,55,,,,,,,,,,,,,,,,,,,,,,,,,,,,,,,,,,,,
603.5,0.3,1.4,38.95690706,-95.27491009,55,,,,,,,,,,,,,,,,,,,,,,,,,,,,,,,,,,,,
603.6,0.3,1.4,38.95690672,-95.27490937,55,,,,,,,,,,,,,,,,,,,,,,,,,,,,,,,,,,,,
603.7,0.3,1.4,38.95690633,-95.27490875,55,,,,,,,,,,,,,,,,,,,,,,,,,,,,,,,,,,,,
603.8,0.3,1.3,38.95690591,-95.27490815,55,,,,,,,,,,,,,,,,,,,,,,,,,,,,,,,,,,,,
603.9,0.3,1,38.95690557,-95.2749077,55,,,,,,,,,,,,,,,,,,,,,,,,,,,,,,,,,,,,
604,0.3,0.8,38.95690534,-95.27490735,55,,,,,,,,,,,,,,,,,,,,,,,,,,,,,,,,,,,,
604.1,0.3,0.5,38.9569052,-95.27490712,55,,,,,,,,,,,,,,,,,,,,,,,,,,,,,,,,,,,,
604.2,0.3,0.2,38.95690516,-95.27490695,55,,,,,,,,,,,,,,,,,,,,,,,,,,,,,,,,,,,,
604.3,0.3,0.2,38.95690511,-95.27490684,55,,,,,,,,,,,,,,,,,,,,,,,,,,,,,,,,,,,,
604.4,0.3,0.2,38.95690501,-95.27490674,55,,,,,,,,,,,,,,,,,,,,,,,,,,,,,,,,,,,,
604.5,0.3,0.2,38.95690489,-95.27490667,55,,,,,,,,,,,,,,,,,,,,,,,,,,,,,,,,,,,,
604.6,0.3,0.2,38.95690473,-95.27490659,55,,,,,,,,,,,,,,,,,,,,,,,,,,,,,,,,,,,,
604.7,0.3,0.2,38.9569046,-95.27490652,55,,,,,,,,,,,,,,,,,,,,,,,,,,,,,,,,,,,,
604.8,0.3,0.2,38.95690449,-95.27490648,55,,,,,,,,,,,,,,,,,,,,,,,,,,,,,,,,,,,,
604.9,0.2,0.2,38.95690442,-95.27490645,55,,,,,,,,,,,,,,,,,,,,,,,,,,,,,,,,,,,,
605,0.2,0,38.95690435,-95.27490644,55,,,,,,,,,,,,,,,,,,,,,,,,,,,,,,,,,,,,
605.1,0.2,0,38.95690432,-95.27490641,55,,,,,,,,,,,,,,,,,,,,,,,,,,,,,,,,,,,,
605.2,0.3,0,38.95690426,-95.27490641,55,,,,,,,,,,,,,,,,,,,,,,,,,,,,,,,,,,,,
605.3,0.3,0,38.95690422,-95.2749064,55,,,,,,,,,,,,,,,,,,,,,,,,,,,,,,,,,,,,
605.4,0.3,0,38.95690417,-95.27490644,55,,,,,,,,,,,,,,,,,,,,,,,,,,,,,,,,,,,,
605.5,0.3,0,38.95690413,-95.27490647,55,,,,,,,,,,,,,,,,,,,,,,,,,,,,,,,,,,,,
605.6,0.3,0,38.95690413,-95.27490652,55,,,,,,,,,,,,,,,,,,,,,,,,,,,,,,,,,,,,
605.7,0.3,0,38.95690415,-95.27490655,55,,,,,,,,,,,,,,,,,,,,,,,,,,,,,,,,,,,,
605.8,0.3,0,38.95690413,-95.27490663,55,,,,,,,,,,,,,,,,,,,,,,,,,,,,,,,,,,,,
605.9,0.3,0,38.95690411,-95.27490669,55,,,,,,,,,,,,,,,,,,,,,,,,,,,,,,,,,,,,
606,0.3,0,38.95690408,-95.27490674,55,,,,,,,,,,,,,,,,,,,,,,,,,,,,,,,,,,,,
606.1,0.3,0,38.95690405,-95.27490677,55,,,,,,,,,,,,,,,,,,,,,,,,,,,,,,,,,,,,
606.2,0.3,0,38.95690405,-95.27490682,55,,,,,,,,,,,,,,,,,,,,,,,,,,,,,,,,,,,,
606.3,0.3,0,38.95690406,-95.27490687,55,,,,,,,,,,,,,,,,,,,,,,,,,,,,,,,,,,,,
606.4,0.3,0,38.95690407,-95.27490693,55,,,,,,,,,,,,,,,,,,,,,,,,,,,,,,,,,,,,
606.5,0.3,0,38.95690407,-95.27490699,55,,,,,,,,,,,,,,,,,,,,,,,,,,,,,,,,,,,,
606.6,0.3,0,38.95690407,-95.27490705,55,,,,,,,,,,,,,,,,,,,,,,,,,,,,,,,,,,,,
606.7,0.3,0,38.95690407,-95.2749071,55,,,,,,,,,,,,,,,,,,,,,,,,,,,,,,,,,,,,
606.8,0.3,0,38.9569041,-95.27490715,55,,,,,,,,,,,,,,,,,,,,,,,,,,,,,,,,,,,,
606.9,0.3,0,38.95690412,-95.27490719,55,,,,,,,,,,,,,,,,,,,,,,,,,,,,,,,,,,,,
607,0.3,0,38.95690415,-95.27490722,55,,,,,,,,,,,,,,,,,,,,,,,,,,,,,,,,,,,,
607.1,0.3,0,38.95690415,-95.27490724,55,,,,,,,,,,,,,,,,,,,,,,,,,,,,,,,,,,,,
607.2,0.3,0,38.95690418,-95.27490725,55,,,,,,,,,,,,,,,,,,,,,,,,,,,,,,,,,,,,
607.3,0.3,0,38.9569042,-95.27490726,55,,,,,,,,,,,,,,,,,,,,,,,,,,,,,,,,,,,,
607.4,0.3,0,38.95690423,-95.27490726,55,,,,,,,,,,,,,,,,,,,,,,,,,,,,,,,,,,,,
607.5,0.3,0,38.95690424,-95.27490726,55,,,,,,,,,,,,,,,,,,,,,,,,,,,,,,,,,,,,
607.6,0.3,0,38.95690427,-95.27490726,55,,,,,,,,,,,,,,,,,,,,,,,,,,,,,,,,,,,,
607.7,0.3,0,38.9569043,-95.27490727,55,,,,,,,,,,,,,,,,,,,,,,,,,,,,,,,,,,,,
607.8,0.3,0,38.95690433,-95.27490728,55,,,,,,,,,,,,,,,,,,,,,,,,,,,,,,,,,,,,
607.9,0.3,0,38.95690434,-95.2749073,55,,,,,,,,,,,,,,,,,,,,,,,,,,,,,,,,,,,,
608,0.3,0,38.95690436,-95.2749073,55,,,,,,,,,,,,,,,,,,,,,,,,,,,,,,,,,,,,
608.1,0.3,0,38.95690436,-95.27490731,55,,,,,,,,,,,,,,,,,,,,,,,,,,,,,,,,,,,,
608.2,0.3,0,38.95690437,-95.2749073,55,,,,,,,,,,,,,,,,,,,,,,,,,,,,,,,,,,,,
608.3,0.3,0,38.95690436,-95.27490729,55,,,,,,,,,,,,,,,,,,,,,,,,,,,,,,,,,,,,
608.4,0.3,0,38.95690436,-95.27490729,55,,,,,,,,,,,,,,,,,,,,,,,,,,,,,,,,,,,,
608.5,0.3,0,38.95690436,-95.27490731,55,,,,,,,,,,,,,,,,,,,,,,,,,,,,,,,,,,,,
608.6,0.3,0,38.95690438,-95.27490731,55,,,,,,,,,,,,,,,,,,,,,,,,,,,,,,,,,,,,
608.7,0.3,0,38.95690441,-95.27490731,55,,,,,,,,,,,,,,,,,,,,,,,,,,,,,,,,,,,,
608.8,0.3,0,38.95690444,-95.2749073,55,,,,,,,,,,,,,,,,,,,,,,,,,,,,,,,,,,,,
608.9,0.3,0,38.95690446,-95.27490729,55,,,,,,,,,,,,,,,,,,,,,,,,,,,,,,,,,,,,
609,0.3,0,38.9569045,-95.27490729,55,,,,,,,,,,,,,,,,,,,,,,,,,,,,,,,,,,,,
609.1,0.3,0,38.95690453,-95.2749073,55,,,,,,,,,,,,,,,,,,,,,,,,,,,,,,,,,,,,
609.2,0.3,0,38.95690456,-95.27490731,55,,,,,,,,,,,,,,,,,,,,,,,,,,,,,,,,,,,,
609.3,0.3,0,38.95690458,-95.27490731,55,,,,,,,,,,,,,,,,,,,,,,,,,,,,,,,,,,,,
609.4,0.3,0,38.9569046,-95.2749073,55,,,,,,,,,,,,,,,,,,,,,,,,,,,,,,,,,,,,
609.5,0.3,0,38.95690461,-95.27490728,55,,,,,,,,,,,,,,,,,,,,,,,,,,,,,,,,,,,,
609.6,0.2,0,38.95690464,-95.2749073,55,,,,,,,,,,,,,,,,,,,,,,,,,,,,,,,,,,,,
609.7,0.2,0,38.95690468,-95.27490734,55,,,,,,,,,,,,,,,,,,,,,,,,,,,,,,,,,,,,
609.8,0.2,0,38.9569047,-95.27490737,55,,,,,,,,,,,,,,,,,,,,,,,,,,,,,,,,,,,,
609.9,0.2,0,38.95690472,-95.27490739,55,,,,,,,,,,,,,,,,,,,,,,,,,,,,,,,,,,,,
610,0.1,0,38.95690472,-95.27490743,55,,,,,,,,,,,,,,,,,,,,,,,,,,,,,,,,,,,,
610.1,0.1,0,38.95690471,-95.27490746,55,,,,,,,,,,,,,,,,,,,,,,,,,,,,,,,,,,,,
610.2,0.1,0,38.95690471,-95.27490751,55,,,,,,,,,,,,,,,,,,,,,,,,,,,,,,,,,,,,
610.3,0.1,0,38.95690469,-95.27490755,55,,,,,,,,,,,,,,,,,,,,,,,,,,,,,,,,,,,,
610.4,0.1,0,38.9569047,-95.27490762,55,,,,,,,,,,,,,,,,,,,,,,,,,,,,,,,,,,,,
610.5,0,0,38.95690472,-95.27490769,55,,,,,,,,,,,,,,,,,,,,,,,,,,,,,,,,,,,,
610.6,0,0,38.95690473,-95.27490775,55,,,,,,,,,,,,,,,,,,,,,,,,,,,,,,,,,,,,
610.7,0,0,38.95690474,-95.27490779,55,,,,,,,,,,,,,,,,,,,,,,,,,,,,,,,,,,,,
610.8,0,0,38.95690476,-95.27490783,55,,,,,,,,,,,,,,,,,,,,,,,,,,,,,,,,,,,,
610.9,0,0,38.95690476,-95.27490788,55,,,,,,,,,,,,,,,,,,,,,,,,,,,,,,,,,,,,
611,0,0,38.95690478,-95.27490791,55,,,,,,,,,,,,,,,,,,,,,,,,,,,,,,,,,,,,
611.1,0,0,38.95690479,-95.27490794,55,,,,,,,,,,,,,,,,,,,,,,,,,,,,,,,,,,,,
611.2,0,0,38.95690483,-95.27490795,55,,,,,,,,,,,,,,,,,,,,,,,,,,,,,,,,,,,,
611.3,0,0,38.95690487,-95.27490796,55,,,,,,,,,,,,,,,,,,,,,,,,,,,,,,,,,,,,
611.4,0,0,38.9569049,-95.27490794,55,,,,,,,,,,,,,,,,,,,,,,,,,,,,,,,,,,,,
611.5,0,0,38.95690492,-95.27490793,55,,,,,,,,,,,,,,,,,,,,,,,,,,,,,,,,,,,,
611.6,0,0,38.95690493,-95.27490789,55,,,,,,,,,,,,,,,,,,,,,,,,,,,,,,,,,,,,
611.7,0,0,38.95690494,-95.27490786,55,,,,,,,,,,,,,,,,,,,,,,,,,,,,,,,,,,,,
611.8,0,0,38.95690494,-95.27490779,55,,,,,,,,,,,,,,,,,,,,,,,,,,,,,,,,,,,,
611.9,0,0,38.95690493,-95.27490774,55,,,,,,,,,,,,,,,,,,,,,,,,,,,,,,,,,,,,
612,0,0,38.9569049,-95.27490769,55,,,,,,,,,,,,,,,,,,,,,,,,,,,,,,,,,,,,
612.1,0,0,38.95690486,-95.27490766,55,,,,,,,,,,,,,,,,,,,,,,,,,,,,,,,,,,,,
612.2,0,0,38.95690482,-95.27490761,55,,,,,,,,,,,,,,,,,,,,,,,,,,,,,,,,,,,,
612.3,0,0,38.95690478,-95.27490758,55,,,,,,,,,,,,,,,,,,,,,,,,,,,,,,,,,,,,
612.4,0,0,38.95690473,-95.27490755,55,,,,,,,,,,,,,,,,,,,,,,,,,,,,,,,,,,,,
612.5,0,0,38.95690468,-95.27490754,55,,,,,,,,,,,,,,,,,,,,,,,,,,,,,,,,,,,,
612.6,0,0,38.95690464,-95.27490753,55,,,,,,,,,,,,,,,,,,,,,,,,,,,,,,,,,,,,
612.7,0,0,38.95690461,-95.27490753,55,,,,,,,,,,,,,,,,,,,,,,,,,,,,,,,,,,,,
612.8,0,0,38.95690457,-95.27490753,55,,,,,,,,,,,,,,,,,,,,,,,,,,,,,,,,,,,,
612.9,0,0,38.95690452,-95.27490753,55,,,,,,,,,,,,,,,,,,,,,,,,,,,,,,,,,,,,
613,0,0,38.95690448,-95.27490753,55,,,,,,,,,,,,,,,,,,,,,,,,,,,,,,,,,,,,
613.1,0,0,38.95690444,-95.27490753,55,,,,,,,,,,,,,,,,,,,,,,,,,,,,,,,,,,,,
613.2,0,0,38.9569044,-95.27490751,55,,,,,,,,,,,,,,,,,,,,,,,,,,,,,,,,,,,,
613.3,0,0,38.95690435,-95.27490748,55,,,,,,,,,,,,,,,,,,,,,,,,,,,,,,,,,,,,
613.4,0,0,38.95690433,-95.27490743,55,,,,,,,,,,,,,,,,,,,,,,,,,,,,,,,,,,,,
613.5,0,0,38.95690432,-95.27490739,55,,,,,,,,,,,,,,,,,,,,,,,,,,,,,,,,,,,,
613.6,0,0,38.9569043,-95.27490737,55,,,,,,,,,,,,,,,,,,,,,,,,,,,,,,,,,,,,
613.7,0,0,38.95690427,-95.27490736,55,,,,,,,,,,,,,,,,,,,,,,,,,,,,,,,,,,,,
613.8,0,0,38.95690425,-95.27490736,55,,,,,,,,,,,,,,,,,,,,,,,,,,,,,,,,,,,,
613.9,0,0,38.95690422,-95.27490737,55,,,,,,,,,,,,,,,,,,,,,,,,,,,,,,,,,,,,
614,0,0,38.95690422,-95.27490739,55,,,,,,,,,,,,,,,,,,,,,,,,,,,,,,,,,,,,
614.1,0,0,38.9569042,-95.27490739,55,,,,,,,,,,,,,,,,,,,,,,,,,,,,,,,,,,,,
614.2,0,0,38.95690421,-95.2749074,55,,,,,,,,,,,,,,,,,,,,,,,,,,,,,,,,,,,,
614.3,0,0,38.95690421,-95.27490741,55,,,,,,,,,,,,,,,,,,,,,,,,,,,,,,,,,,,,
614.4,0,0,38.95690424,-95.27490739,55,,,,,,,,,,,,,,,,,,,,,,,,,,,,,,,,,,,,
614.5,0,0,38.95690424,-95.27490738,55,,,,,,,,,,,,,,,,,,,,,,,,,,,,,,,,,,,,
614.6,0,0,38.95690427,-95.27490737,55,,,,,,,,,,,,,,,,,,,,,,,,,,,,,,,,,,,,
614.7,0,0,38.95690428,-95.27490737,55,,,,,,,,,,,,,,,,,,,,,,,,,,,,,,,,,,,,
614.8,0,0,38.95690429,-95.27490734,55,,,,,,,,,,,,,,,,,,,,,,,,,,,,,,,,,,,,
614.9,0,0,38.9569043,-95.27490731,55,,,,,,,,,,,,,,,,,,,,,,,,,,,,,,,,,,,,
615,-0.1,0,38.95690431,-95.27490729,54,,,,,,,,,,,,,,,,,,,,,,,,,,,,,,,,,,,,
615.1,-0.1,0,38.95690431,-95.27490729,54,,,,,,,,,,,,,,,,,,,,,,,,,,,,,,,,,,,,
615.2,-0.1,0,38.95690432,-95.27490731,54,,,,,,,,,,,,,,,,,,,,,,,,,,,,,,,,,,,,
615.3,-0.1,0,38.95690432,-95.27490735,54,,,,,,,,,,,,,,,,,,,,,,,,,,,,,,,,,,,,
615.4,-0.2,0,38.95690432,-95.27490741,54,,,,,,,,,,,,,,,,,,,,,,,,,,,,,,,,,,,,
615.5,-0.2,0,38.9569043,-95.27490746,54,,,,,,,,,,,,,,,,,,,,,,,,,,,,,,,,,,,,
615.6,-0.2,0,38.9569043,-95.27490749,54,,,,,,,,,,,,,,,,,,,,,,,,,,,,,,,,,,,,
615.7,-0.3,0,38.95690427,-95.2749075,54,,,,,,,,,,,,,,,,,,,,,,,,,,,,,,,,,,,,
615.8,-0.3,0,38.95690421,-95.27490748,54,,,,,,,,,,,,,,,,,,,,,,,,,,,,,,,,,,,,
615.9,-0.3,0,38.95690413,-95.27490746,54,,,,,,,,,,,,,,,,,,,,,,,,,,,,,,,,,,,,
616,-0.4,0,38.95690405,-95.27490745,54,,,,,,,,,,,,,,,,,,,,,,,,,,,,,,,,,,,,
616.1,-0.4,0,38.95690398,-95.27490746,54,,,,,,,,,,,,,,,,,,,,,,,,,,,,,,,,,,,,
616.2,-0.4,0,38.95690392,-95.27490751,54,,,,,,,,,,,,,,,,,,,,,,,,,,,,,,,,,,,,
616.3,-0.4,0,38.95690385,-95.27490756,54,,,,,,,,,,,,,,,,,,,,,,,,,,,,,,,,,,,,
616.4,-0.5,0,38.95690376,-95.27490759,54,,,,,,,,,,,,,,,,,,,,,,,,,,,,,,,,,,,,
616.5,-0.5,0,38.95690366,-95.27490761,54,,,,,,,,,,,,,,,,,,,,,,,,,,,,,,,,,,,,
616.6,-0.5,0,38.95690357,-95.2749076,54,,,,,,,,,,,,,,,,,,,,,,,,,,,,,,,,,,,,
616.7,-0.6,0,38.95690352,-95.27490754,54,,,,,,,,,,,,,,,,,,,,,,,,,,,,,,,,,,,,
616.8,-0.6,0,38.95690346,-95.27490749,54,,,,,,,,,,,,,,,,,,,,,,,,,,,,,,,,,,,,
616.9,-0.6,0,38.9569034,-95.27490746,54,,,,,,,,,,,,,,,,,,,,,,,,,,,,,,,,,,,,
617,-0.6,0.3,38.95690335,-95.27490744,54,,,,,,,,,,,,,,,,,,,,,,,,,,,,,,,,,,,,
617.1,-0.6,0.3,38.9569033,-95.27490743,54,,,,,,,,,,,,,,,,,,,,,,,,,,,,,,,,,,,,
617.2,-0.6,0.3,38.95690326,-95.27490744,54,,,,,,,,,,,,,,,,,,,,,,,,,,,,,,,,,,,,
617.3,-0.6,0.3,38.95690322,-95.27490747,54,,,,,,,,,,,,,,,,,,,,,,,,,,,,,,,,,,,,
617.4,-0.6,0.2,38.95690321,-95.27490751,54,,,,,,,,,,,,,,,,,,,,,,,,,,,,,,,,,,,,
617.5,-0.6,0,38.9569032,-95.27490755,54,,,,,,,,,,,,,,,,,,,,,,,,,,,,,,,,,,,,
617.6,-0.6,0,38.95690321,-95.27490759,54,,,,,,,,,,,,,,,,,,,,,,,,,,,,,,,,,,,,
